claim_id,latitude,longitude,claim_amount,claim_type,policy_type,incident_date,high_risk_claim
1,51.50618101782711,-0.2259468284645521,539.51,Vehicle,Standard,2023-02-26,0
2,51.59260714596149,-0.08323962104865673,567.6,Theft,Comprehensive,2023-10-25,0
3,51.559799091271714,0.049178334350563346,2202.33,Property,Standard,2023-04-08,1
4,51.53979877262956,-0.007110045436175494,580.95,Vehicle,Standard,2023-05-17,0
5,51.47340279606637,0.022624459144579945,1147.46,Property,Standard,2023-03-28,0
6,51.473399178050435,-0.03648665331571305,613.31,Flood,Standard,2023-08-30,0
7,51.458712541825236,-0.023089374192859002,61.06,Vehicle,Comprehensive,2023-07-18,0
8,51.57992642186624,0.039678260626127726,2161.81,Vehicle,Standard,2023-11-06,1
9,51.54016725176148,-0.2001327964563256,1228.26,Vehicle,Comprehensive,2023-03-25,0
10,51.55621088666941,-0.10423001454274378,1697.79,Vehicle,Comprehensive,2023-08-30,1
11,51.45308767414437,-0.21151622327215908,247.68,Vehicle,Comprehensive,2023-10-08,0
12,51.5954864778243,0.09506720319865886,750.9,Property,Standard,2023-11-19,0
13,51.574866396120065,0.07762373587464533,2041.7,Vehicle,Comprehensive,2023-09-09,1
14,51.48185086660175,-0.28422927545259763,360.63,Flood,Standard,2023-07-09,0
15,51.47727374508107,-0.017769930993724592,1640.98,Theft,Comprehensive,2023-06-01,1
16,51.47751067647802,0.07009932696626636,1134.75,Property,Premium,2023-10-29,0
17,51.49563633644393,-0.22776986194906657,620.77,Theft,Comprehensive,2023-10-05,0
18,51.52871346474484,-0.0728219077789482,576.95,Vehicle,Comprehensive,2023-05-19,0
19,51.51479175279632,0.06619531903521675,468.4,Property,Comprehensive,2023-06-25,0
20,51.49368437102971,-0.28642160856568044,1223.3,Property,Standard,2023-01-08,0
21,51.54177793420836,-0.02103189310126402,1333.49,Theft,Premium,2023-10-22,0
22,51.470924079097806,-0.18106039705097968,865.42,Theft,Premium,2023-08-23,0
23,51.49382169728028,0.0697584781506122,441.24,Vehicle,Standard,2023-06-12,0
24,51.504954276494054,0.08842329806614713,1607.32,Flood,Comprehensive,2023-02-18,1
25,51.51841049763256,0.07770659564537358,2189.04,Vehicle,Premium,2023-10-29,1
26,51.567776394208956,-0.11031431333701447,1820.41,Theft,Premium,2023-02-07,1
27,51.47995106732375,0.04481706039572542,4188.7,Flood,Comprehensive,2023-05-16,1
28,51.52713516576205,0.03781975941402821,1009.07,Vehicle,Comprehensive,2023-11-06,0
29,51.53886218532931,-0.17235981070269774,2902.4,Property,Standard,2023-08-07,1
30,51.456967561908,0.03156618966027097,674.86,Vehicle,Premium,2023-12-14,0
31,51.54113172778522,-0.2851969461138029,583.22,Vehicle,Standard,2023-10-23,0
32,51.475578618553094,-0.06149204860717877,1281.07,Property,Comprehensive,2023-02-03,0
33,51.45975773894779,-0.20799646508491876,3336.91,Property,Standard,2023-12-18,1
34,51.592332830588,-0.25177324568908843,922.33,Flood,Standard,2023-03-20,0
35,51.594844804961184,-0.2692187193483163,247.47,Property,Comprehensive,2023-08-24,0
36,51.571259602217474,-0.021484489648744054,2160.53,Property,Premium,2023-09-30,1
37,51.495692065376005,-0.16405001449277354,1097.73,Theft,Standard,2023-06-10,0
38,51.46465081710096,-0.010093291388495407,1458.01,Flood,Comprehensive,2023-06-24,0
39,51.55263495397683,-0.273857463680423,610.62,Vehicle,Standard,2023-11-04,0
40,51.516022874060944,-0.17388386486775584,1272.05,Flood,Standard,2023-08-09,0
41,51.46830573522672,-0.08420348304986508,289.83,Vehicle,Comprehensive,2023-01-09,0
42,51.524276536516695,0.01628926593558544,3810.4,Theft,Comprehensive,2023-10-16,1
43,51.45515827816728,-0.172498998827172,2440.19,Vehicle,Standard,2023-04-23,1
44,51.58639806031182,-0.04964344942519633,1229.07,Vehicle,Standard,2023-07-24,0
45,51.48881699724001,0.05439109929447489,2119.45,Vehicle,Standard,2023-07-05,1
46,51.5493783426531,-0.05365472472707816,676.38,Property,Standard,2023-12-07,0
47,51.496756661413414,-0.20681621009854648,2366.9,Vehicle,Premium,2023-07-16,1
48,51.52801020317667,-0.29023968737738476,889.53,Vehicle,Premium,2023-09-23,0
49,51.532006541901495,0.048039549560371986,838.59,Property,Standard,2023-09-19,0
50,51.47772816832883,-0.2914922356598451,498.89,Flood,Comprehensive,2023-09-05,0
51,51.59543769416469,0.04988066907367977,1592.87,Vehicle,Premium,2023-04-25,1
52,51.566269923504166,-0.0884251463891152,1188.69,Vehicle,Standard,2023-05-01,0
53,51.59092484123463,0.0756270794051585,2964.8,Vehicle,Premium,2023-05-21,1
54,51.58422410256415,0.01951329430946619,445.86,Vehicle,Premium,2023-03-06,0
55,51.53968499682166,0.09917364421333502,1598.11,Theft,Standard,2023-10-03,1
56,51.58828113525347,-0.1597152738193159,2602.3,Theft,Standard,2023-11-09,1
57,51.46327387530779,0.006875315572450802,1351.3,Property,Premium,2023-08-27,0
58,51.479397429362876,-0.1392276345563031,875.73,Vehicle,Comprehensive,2023-10-29,0
59,51.45678409333658,-0.10804975187843643,1325.62,Theft,Standard,2023-01-10,0
60,51.49879954961449,-0.048997814712651966,2808.39,Property,Standard,2023-08-21,1
61,51.508301593453425,0.049470845674535524,2807.61,Theft,Comprehensive,2023-07-14,1
62,51.490702354766086,0.09363338767971807,1063.19,Property,Comprehensive,2023-01-12,0
63,51.57431062637279,0.0073093655458073,2775.08,Theft,Comprehensive,2023-06-26,1
64,51.50351299900404,-0.13289328713306647,1146.12,Property,Premium,2023-06-26,0
65,51.49214017645311,-0.13145719908917192,2103.14,Vehicle,Standard,2023-08-05,1
66,51.53140441247374,-0.004967079364443405,1733.78,Flood,Comprehensive,2023-01-11,1
67,51.471138633746214,-0.20448914169267907,847.24,Property,Comprehensive,2023-04-28,0
68,51.570329547113104,-0.2558103547474421,515.86,Property,Comprehensive,2023-06-13,0
69,51.46118259655197,-0.15815113694368937,2648.5,Vehicle,Standard,2023-02-08,1
70,51.59803304049008,-0.1851044033383673,3152.21,Property,Premium,2023-02-22,1
71,51.565836715394504,-0.18147675181760395,1570.87,Property,Premium,2023-08-06,1
72,51.479807352230125,-0.206556899580036,1144.94,Vehicle,Comprehensive,2023-07-25,0
73,51.45082831756854,-0.28316272414545524,392.62,Vehicle,Comprehensive,2023-11-08,0
74,51.57231921426823,-0.2928504261066345,2602.75,Property,Standard,2023-12-26,1
75,51.55602860157715,0.09508895589441263,1441.85,Theft,Comprehensive,2023-02-25,0
76,51.55935107520615,-0.12889074650565505,947.99,Property,Comprehensive,2023-04-28,0
77,51.56569055200289,-0.1462693411361273,2144.48,Vehicle,Comprehensive,2023-09-10,1
78,51.461106697760115,-0.028141086922772063,324.06,Property,Premium,2023-10-13,0
79,51.50376985928164,-0.21269844485397432,476.06,Vehicle,Comprehensive,2023-09-25,0
80,51.46738035892877,0.07998447358009014,655.12,Vehicle,Standard,2023-10-18,0
81,51.57946551388134,0.01453800576622083,1695.43,Vehicle,Comprehensive,2023-11-29,1
82,51.54349471902414,-0.2642355990750962,1336.6,Vehicle,Standard,2023-06-29,0
83,51.4996347037279,-0.13296768968602862,1839.4,Vehicle,Standard,2023-12-24,1
84,51.4595337525429,0.05164732302486591,2484.28,Vehicle,Standard,2023-08-23,1
85,51.496647348257355,0.07789280891656414,1886.13,Vehicle,Comprehensive,2023-12-09,1
86,51.498777498304015,-0.1130393955000521,3863.53,Vehicle,Comprehensive,2023-07-15,1
87,51.55944092675071,-0.0546354443157169,2480.36,Property,Comprehensive,2023-11-04,1
88,51.545633620703285,-0.23318642156316988,1061.23,Property,Comprehensive,2023-03-21,0
89,51.58308191138645,0.09646745045479066,746.68,Vehicle,Comprehensive,2023-05-15,0
90,51.5208322387743,-0.20733131944662264,1086.75,Theft,Standard,2023-01-22,0
91,51.46793913689075,0.0770927096540503,1932.41,Vehicle,Premium,2023-11-27,1
92,51.55698671808345,-0.04014134040305262,815.71,Property,Standard,2023-08-13,0
93,51.564117757292536,-0.056905282048456324,1969.79,Vehicle,Standard,2023-02-27,1
94,51.534191579635426,-0.09492459559339655,1815.81,Vehicle,Comprehensive,2023-04-03,1
95,51.565645076993185,-0.2077320753128965,509.05,Property,Standard,2023-07-11,0
96,51.52406933945466,-0.22938878719779668,2448.97,Property,Standard,2023-04-13,1
97,51.5284099244073,-0.21180551637192985,1531.05,Theft,Comprehensive,2023-01-07,1
98,51.514131152753784,-0.22542469514229818,3740.97,Property,Comprehensive,2023-05-08,1
99,51.453812869011614,0.01183378942670138,1149.21,Flood,Comprehensive,2023-02-24,0
100,51.466183714048995,-0.15994989633330794,913.57,Vehicle,Premium,2023-08-19,0
101,51.454714377853016,-0.27686292937464146,450.02,Vehicle,Comprehensive,2023-12-28,0
102,51.54546156168957,0.08764105205632455,443.29,Vehicle,Premium,2023-03-03,0
103,51.497153397161455,0.0535143539853703,2253.41,Vehicle,Standard,2023-08-28,1
104,51.52628560367471,0.07110091327808521,3495.84,Property,Comprehensive,2023-03-31,1
105,51.58613497108892,0.09796312905857413,1074.8,Property,Premium,2023-08-20,0
106,51.487393834372334,-0.23044190031220507,1020.66,Vehicle,Comprehensive,2023-08-21,0
107,51.51155743845535,-0.14150319243893647,1231.12,Flood,Comprehensive,2023-12-20,0
108,51.563332670781456,0.0032953902816365566,2563.14,Theft,Standard,2023-11-29,1
109,51.48431972482375,-0.021591752778483075,513.27,Vehicle,Standard,2023-10-19,0
110,51.461546986474325,-0.23844163746405797,1395.61,Vehicle,Comprehensive,2023-12-11,0
111,51.49346271793707,0.026333249996247143,2288.48,Vehicle,Standard,2023-06-01,1
112,51.4741831930881,-0.2102237712653357,1680.62,Vehicle,Premium,2023-05-25,1
113,51.58945464785139,-0.21047295407095074,32.14,Vehicle,Standard,2023-05-10,0
114,51.57121805693466,-0.08521023084263454,1892.74,Property,Premium,2023-05-21,1
115,51.545010563476566,-0.06282402606331872,1692.3,Vehicle,Premium,2023-04-03,1
116,51.58071908852816,-0.06796551686487551,2900.38,Vehicle,Standard,2023-04-24,1
117,51.57055081153487,-0.26340526504089806,3314.38,Flood,Standard,2023-10-11,1
118,51.47798550883291,0.05098434505215216,2804.04,Property,Premium,2023-05-23,1
119,51.5838838497735,-0.19375998296451757,1236.17,Flood,Premium,2023-08-11,0
120,51.53090133628735,-0.24819403148687832,235.22,Vehicle,Comprehensive,2023-08-20,0
121,51.57111602327461,0.05549923194759093,1014.83,Vehicle,Standard,2023-02-02,0
122,51.58441369498853,0.08226059929190138,1206.52,Property,Comprehensive,2023-10-03,0
123,51.49770052124578,0.0448510469061803,3466.69,Vehicle,Comprehensive,2023-06-19,1
124,51.46650778867915,0.02380642988995124,616.11,Vehicle,Standard,2023-05-20,0
125,51.48419027438129,-0.037903207744391265,334.15,Property,Comprehensive,2023-12-23,0
126,51.514066168293944,-0.07965705175634424,820.12,Property,Standard,2023-07-20,0
127,51.57270221488837,-0.2652052960354359,646.13,Vehicle,Standard,2023-01-23,0
128,51.57910958748845,-0.1366187147717205,301.4,Property,Standard,2023-08-12,0
129,51.45104281957968,-0.1509245931950744,1093.16,Vehicle,Standard,2023-09-27,0
130,51.52661209538664,-0.1960984864958695,1242.76,Vehicle,Standard,2023-12-13,0
131,51.512611650472316,-0.010631954524566,283.01,Vehicle,Comprehensive,2023-06-02,0
132,51.483316171570614,-0.10164970596849165,908.95,Vehicle,Standard,2023-11-29,0
133,51.46797980510006,-0.2675815136369408,610.41,Vehicle,Standard,2023-03-26,0
134,51.50064227571055,-0.21192671922007544,1273.73,Flood,Standard,2023-04-19,0
135,51.59143645558688,-0.02669649453616163,1370.13,Property,Premium,2023-01-31,0
136,51.49848043980312,-0.26954765620387994,610.52,Property,Comprehensive,2023-08-17,0
137,51.52781859326151,0.04048276561950753,2434.22,Vehicle,Comprehensive,2023-08-28,1
138,51.55545284383428,-0.10194138919441026,1186.03,Vehicle,Comprehensive,2023-12-29,0
139,51.504544440356895,-0.10776536906934078,636.44,Vehicle,Premium,2023-11-06,0
140,51.59576731240814,-0.06303688613619293,263.72,Vehicle,Standard,2023-05-21,0
141,51.59436709424132,0.029872386370059678,1425.1,Vehicle,Comprehensive,2023-06-05,0
142,51.48776734437381,-0.16087631683912276,1689.43,Theft,Comprehensive,2023-10-26,1
143,51.52458727588386,-0.028793538976374544,782.31,Property,Comprehensive,2023-12-11,0
144,51.49513174647252,-0.07370721440168354,1304.41,Property,Standard,2023-04-09,0
145,51.49272607415662,-0.19318869193223145,3314.27,Property,Comprehensive,2023-02-16,1
146,51.455533042103184,0.05145199454206323,2179.3,Flood,Standard,2023-11-23,1
147,51.54143465009699,0.018970408642771275,102.4,Vehicle,Comprehensive,2023-03-08,0
148,51.52540185348433,-0.0366192661366298,629.98,Vehicle,Comprehensive,2023-03-03,0
149,51.4577218126875,0.04023269163769677,1052.02,Vehicle,Standard,2023-04-19,0
150,51.491796969635494,0.04691768038392097,1237.5,Theft,Premium,2023-06-16,0
151,51.586239882895,-0.016654809313986052,1325.81,Flood,Standard,2023-02-06,0
152,51.485934283600045,0.03480533134546887,1613.35,Vehicle,Premium,2023-04-29,1
153,51.47173423081369,-0.02101141533228651,1079.82,Theft,Comprehensive,2023-03-27,0
154,51.52341791404164,-0.027943691295879813,1183.78,Theft,Standard,2023-02-21,0
155,51.59784756811659,-0.052555448713926256,2257.38,Vehicle,Standard,2023-04-01,1
156,51.486308290726726,0.0010866558230565038,1445.85,Vehicle,Premium,2023-10-16,0
157,51.55082033211088,-0.2365579578827705,408.27,Vehicle,Standard,2023-12-03,0
158,51.56424294229931,0.052348303679571384,1267.55,Flood,Standard,2023-10-25,0
159,51.485645631598864,0.04873741109809282,1054.32,Vehicle,Standard,2023-07-23,0
160,51.55923245229178,-0.28830108678617633,158.53,Theft,Comprehensive,2023-08-26,0
161,51.50516746990789,0.030326700225905112,1317.17,Vehicle,Comprehensive,2023-06-04,0
162,51.544845874589036,-0.2484520530106219,462.59,Property,Standard,2023-08-28,0
163,51.54502945661414,-0.16595245829634322,2280.36,Vehicle,Standard,2023-05-16,1
164,51.53036620261122,-0.002596697483356891,1596.87,Property,Standard,2023-12-28,1
165,51.46354346550817,-0.2356960415806767,386.27,Theft,Standard,2023-03-05,0
166,51.57529537433839,0.027186809647624932,2210.03,Theft,Comprehensive,2023-05-03,1
167,51.49811700974576,0.03285367118309679,2931.68,Theft,Comprehensive,2023-09-11,1
168,51.47797777655998,-0.09701290649566549,954.98,Vehicle,Standard,2023-04-24,0
169,51.45611627123322,-0.29744565131326656,1049.45,Property,Standard,2023-01-20,0
170,51.53863394147824,-0.18518474673003488,2063.49,Vehicle,Standard,2023-01-16,1
171,51.55163465427634,-0.053229232649703084,2786.93,Vehicle,Premium,2023-05-25,1
172,51.45248817433918,0.09247447121096941,216.91,Property,Premium,2023-07-27,0
173,51.526813958744896,-0.047274589193332606,432.4,Vehicle,Premium,2023-01-19,0
174,51.483974366279696,-0.19607856757433606,833.4,Property,Standard,2023-06-15,0
175,51.54677591856142,-0.046397718760155415,909.85,Flood,Standard,2023-02-07,0
176,51.47615496435075,-0.0840058481136578,2022.6,Vehicle,Standard,2023-06-30,1
177,51.553640660715374,0.011938158060457449,2796.58,Property,Standard,2023-12-15,1
178,51.508010301945085,-0.2572077444692166,2937.06,Vehicle,Comprehensive,2023-04-15,1
179,51.59050949831051,0.004411161000811237,210.8,Vehicle,Comprehensive,2023-04-10,0
180,51.4706281416219,-0.08349336852955586,579.43,Vehicle,Premium,2023-03-31,0
181,51.50115995265754,0.08519680154359788,708.99,Flood,Premium,2023-10-27,0
182,51.46702102818609,-0.16325113358452556,577.31,Theft,Standard,2023-11-28,0
183,51.58870404274179,-0.04695124274642071,1593.38,Flood,Comprehensive,2023-03-20,1
184,51.58160090300715,0.07281124220400703,1733.25,Flood,Standard,2023-03-14,1
185,51.48869124415727,-0.25899610880372825,1172.48,Vehicle,Standard,2023-06-25,0
186,51.548997606905125,0.07489139489458047,1088.62,Vehicle,Comprehensive,2023-04-06,0
187,51.572583330030184,-0.02484571107967465,863.22,Property,Standard,2023-12-11,0
188,51.53328012173992,-0.2728651763579312,948.07,Property,Comprehensive,2023-04-13,0
189,51.529447586753406,-0.1796145732212735,3289.73,Vehicle,Standard,2023-08-12,1
190,51.48627784363507,-0.016731164541887333,1916.64,Vehicle,Comprehensive,2023-01-06,1
191,51.46396541517089,-0.27305975941249133,890.25,Property,Comprehensive,2023-05-02,0
192,51.584582363693,-0.06713181592949066,1072.36,Property,Standard,2023-08-24,0
193,51.585062708574505,-0.1616467772188173,1619.84,Vehicle,Premium,2023-04-26,1
194,51.544965218590995,-0.05163379289300912,386.15,Property,Standard,2023-06-12,0
195,51.50085446865731,-0.28170318647499487,1300.67,Property,Comprehensive,2023-08-14,0
196,51.502381436191904,0.048614722460950555,1843.48,Property,Comprehensive,2023-08-18,1
197,51.55889335183054,0.08939558767095879,1680.33,Vehicle,Comprehensive,2023-07-01,1
198,51.58456653899289,0.08755114211427661,589.74,Property,Premium,2023-09-06,0
199,51.58306296363977,-0.0001392673028300928,690.74,Vehicle,Standard,2023-11-14,0
200,51.566981331878644,-0.2479655039477472,136.37,Vehicle,Comprehensive,2023-07-29,0
201,51.54630474692315,0.003305278371609044,1981.47,Theft,Comprehensive,2023-05-24,1
202,51.46262099474926,-0.2901652334164794,4223.94,Property,Premium,2023-12-11,1
203,51.4742443071142,-0.2911505793884011,517.45,Vehicle,Standard,2023-04-06,0
204,51.584783128279064,-0.1705559123401835,2471.23,Property,Comprehensive,2023-12-12,1
205,51.54096435894894,-0.10454272383813368,3982.11,Property,Comprehensive,2023-09-01,1
206,51.4513795577425,0.008162967123117315,794.66,Theft,Standard,2023-03-27,0
207,51.46522073142991,-0.026681849357397924,1073.52,Property,Comprehensive,2023-07-03,0
208,51.54952526536621,-0.12163891744930064,1411.32,Property,Standard,2023-05-01,0
209,51.45075923757694,-0.19054933348733363,1642.41,Property,Comprehensive,2023-11-28,1
210,51.47412120771263,0.09884980006308447,1467.78,Vehicle,Premium,2023-04-02,0
211,51.53231006840499,-0.1295274791056108,847.32,Vehicle,Comprehensive,2023-03-11,0
212,51.553784279653904,-0.11944519026812978,1823.35,Vehicle,Comprehensive,2023-05-13,1
213,51.547794188925394,-0.2345504715233323,863.51,Property,Comprehensive,2023-10-06,0
214,51.483640396419084,0.017923819499971794,1541.71,Property,Standard,2023-05-17,1
215,51.556826883202135,-0.022527109687404512,1140.42,Vehicle,Standard,2023-11-10,0
216,51.48558736312452,-0.21169215488449583,185.97,Vehicle,Comprehensive,2023-07-06,0
217,51.498809954723896,-0.2670475817536629,2718.99,Property,Standard,2023-08-09,1
218,51.5619737107677,-0.02780027917011474,706.92,Vehicle,Standard,2023-02-15,0
219,51.54744493485708,-0.03819551428754586,2901.67,Property,Comprehensive,2023-10-05,1
220,51.577383511574126,-0.19069618920071624,2404.9,Vehicle,Standard,2023-07-11,1
221,51.548641933845055,0.08034542490016416,1380.26,Property,Standard,2023-01-08,0
222,51.535246290500325,-0.2395768432876399,1703.81,Flood,Comprehensive,2023-10-03,1
223,51.464051215174216,-0.1270660795829592,1852.28,Vehicle,Standard,2023-06-28,1
224,51.50515737045892,0.07744636806703958,997.26,Property,Premium,2023-11-30,0
225,51.48978035515226,-0.13210907322955107,1035.23,Vehicle,Premium,2023-02-08,0
226,51.48659844650687,-0.04458962093436575,1789.47,Property,Comprehensive,2023-10-20,1
227,51.595951583212866,-0.14096224081488226,1149.84,Property,Standard,2023-06-27,0
228,51.508964658700016,-0.19031391906053197,849.61,Vehicle,Comprehensive,2023-06-11,0
229,51.58380698327657,0.09359105918393135,598.33,Property,Premium,2023-11-27,0
230,51.54467079389959,-0.13626639747398278,1574.53,Theft,Comprehensive,2023-04-14,1
231,51.56922169553125,0.057639681471653825,687.01,Vehicle,Standard,2023-06-10,0
232,51.52539556396578,-0.20801815764356552,2132.42,Vehicle,Comprehensive,2023-10-14,1
233,51.53653558269396,-0.21475811838996667,2257.36,Theft,Premium,2023-05-03,1
234,51.523877654072834,-0.28754636684619544,1694.48,Property,Comprehensive,2023-02-23,1
235,51.47928644816971,-0.03933326984964597,1952.27,Theft,Comprehensive,2023-02-03,1
236,51.55836781728923,-0.15258946251049552,1698.07,Property,Comprehensive,2023-08-30,1
237,51.49211585436613,0.04574329993585485,2049.78,Theft,Comprehensive,2023-04-23,1
238,51.45364739496472,-0.11071603732337712,1989.69,Vehicle,Standard,2023-11-14,1
239,51.546820844386076,0.08727737116588874,1513.96,Property,Comprehensive,2023-01-23,1
240,51.47656660191106,-0.22578979371875152,2425.59,Flood,Standard,2023-02-15,1
241,51.59106878765294,0.04744926718224435,1025.42,Property,Comprehensive,2023-11-08,0
242,51.59308928655039,0.010638741116696715,614.67,Vehicle,Standard,2023-05-15,0
243,51.58722965853307,0.008368737857620823,587.08,Vehicle,Comprehensive,2023-04-28,0
244,51.50552380503832,0.037913291246755076,909.91,Vehicle,Standard,2023-07-08,0
245,51.452318492479336,0.004409596377199565,155.74,Vehicle,Comprehensive,2023-05-11,0
246,51.589247784388164,-0.049511871347433845,1370.23,Vehicle,Comprehensive,2023-07-31,0
247,51.5142276222476,-0.24750204892704497,1869.59,Property,Standard,2023-04-23,1
248,51.59499822285655,-0.2869895282034992,2235.6,Property,Standard,2023-02-13,1
249,51.59454299656339,0.06833913912627476,233.48,Vehicle,Standard,2023-05-08,0
250,51.577951418320104,-0.05333987419170477,604.23,Property,Premium,2023-12-30,0
251,51.49416733381044,0.01861491639047058,2088.26,Vehicle,Comprehensive,2023-06-07,1
252,51.50776465929029,-0.10739105939497995,1000.13,Vehicle,Comprehensive,2023-09-30,0
253,51.57767050072753,-0.2530767244150422,1840.25,Vehicle,Standard,2023-11-11,1
254,51.49753830077344,-0.2499256831189798,366.88,Property,Comprehensive,2023-12-21,0
255,51.47542391200292,-0.025773885108411443,2878.87,Vehicle,Premium,2023-12-06,1
256,51.53352018936875,-0.1278776420402149,338.57,Vehicle,Premium,2023-02-14,0
257,51.590423216124115,-0.2197901093198653,1340.82,Vehicle,Comprehensive,2023-04-18,0
258,51.55440446950125,-0.10336218130342523,1366.58,Theft,Standard,2023-08-07,0
259,51.535509175513404,-0.27431642516994637,776.39,Vehicle,Standard,2023-11-14,0
260,51.464576474065616,-0.06721143923424047,1652.27,Property,Standard,2023-11-11,1
261,51.542251084004874,-0.19240263822596093,1685.67,Property,Standard,2023-06-26,1
262,51.59850807751564,0.019023640254875296,1558.44,Theft,Standard,2023-08-16,1
263,51.471012602285484,-0.17585521643057048,764.51,Flood,Standard,2023-07-10,0
264,51.52774944785456,-0.1179119403672795,644.74,Vehicle,Standard,2023-06-09,0
265,51.5816059607892,-0.2953517840367597,834.51,Vehicle,Premium,2023-09-24,0
266,51.56111529266313,-0.27102124488217644,570.1,Theft,Comprehensive,2023-12-24,0
267,51.55455236114929,-0.14300257743732606,2501.26,Property,Premium,2023-11-22,1
268,51.55537261259807,-0.10802446611315059,894.73,Property,Comprehensive,2023-07-09,0
269,51.503923672682966,-0.059991780752278484,1312.61,Property,Standard,2023-06-24,0
270,51.49403877663968,-0.18333496851627867,2082.44,Property,Comprehensive,2023-10-17,1
271,51.57140417332178,-0.022007245549382937,545.4,Flood,Standard,2023-12-23,0
272,51.57151700920188,0.04404895887568189,324.1,Flood,Comprehensive,2023-05-25,0
273,51.58006084778702,0.011940395557339945,571.87,Property,Standard,2023-08-20,0
274,51.58698608288347,-0.2841524698606571,1420.39,Vehicle,Premium,2023-12-26,0
275,51.52670135982914,-0.1077972210968684,1350.5,Theft,Standard,2023-07-23,0
276,51.52522744420308,-0.25802792863273005,1556.3,Vehicle,Standard,2023-08-01,1
277,51.569744276845014,-0.203181993654989,1075.85,Vehicle,Premium,2023-02-09,0
278,51.54749458961667,0.0946650373068586,59.24,Theft,Standard,2023-10-02,0
279,51.555295031588656,-0.2430017828393947,1049.48,Vehicle,Comprehensive,2023-11-19,0
280,51.56936890041542,-0.10044473861945755,2274.63,Vehicle,Comprehensive,2023-03-23,1
281,51.583500801272635,-0.052737706272752344,2678.22,Vehicle,Premium,2023-06-30,1
282,51.50069927352773,-0.019014011782358398,1248.63,Theft,Premium,2023-11-16,0
283,51.50633744289599,-0.07614052660523435,1354.22,Property,Premium,2023-03-24,0
284,51.464097290976135,-0.29609166103232654,1816.3,Property,Standard,2023-10-30,1
285,51.53674202114943,-0.16941547670240323,2627.83,Vehicle,Premium,2023-09-19,1
286,51.455391341069515,-0.0929153426461154,1167.14,Theft,Comprehensive,2023-09-29,0
287,51.51983970271987,-0.26485340034206667,1798.68,Theft,Comprehensive,2023-07-19,1
288,51.53139669520614,-0.15974922751632767,736.52,Vehicle,Standard,2023-08-28,0
289,51.49298118781925,-0.28671875648345335,374.68,Vehicle,Comprehensive,2023-06-29,0
290,51.538624989085356,-0.2685686011379917,803.13,Vehicle,Premium,2023-06-20,0
291,51.45457503749086,-0.14123068951936155,3033.05,Flood,Premium,2023-10-22,1
292,51.45560222831239,-0.24691369838277585,1824.12,Property,Comprehensive,2023-06-26,1
293,51.57339008409895,-0.0729836606953767,410.47,Flood,Standard,2023-08-25,0
294,51.50402859621169,-0.024214012345093683,1883.52,Vehicle,Standard,2023-05-18,1
295,51.469059076897786,0.02023467964363318,441.38,Theft,Premium,2023-11-23,0
296,51.528336489008225,-0.21993990230207594,1540.96,Theft,Comprehensive,2023-11-07,1
297,51.565499032964794,-0.2330069670963721,526.61,Property,Comprehensive,2023-05-09,0
298,51.48237315412453,-0.2581728638662399,388.11,Flood,Standard,2023-02-18,0
299,51.54343357137285,-0.04542790018254528,3369.78,Vehicle,Comprehensive,2023-06-13,1
300,51.46280211974907,-0.017409709405239504,894.18,Vehicle,Comprehensive,2023-10-04,0
301,51.4577522581753,-0.2873655420697432,1801.07,Property,Premium,2023-10-20,1
302,51.52970319473523,0.07448489849747597,1204.04,Property,Comprehensive,2023-04-26,0
303,51.531095268241515,-0.279211486539411,475.13,Property,Standard,2023-01-24,0
304,51.54561448522473,-0.08348146587957178,972.04,Vehicle,Comprehensive,2023-11-07,0
305,51.558913700058405,-0.016375792219633423,479.04,Property,Standard,2023-01-25,0
306,51.59637781191938,0.04838764949843427,4987.12,Vehicle,Premium,2023-05-07,1
307,51.527445052245184,-0.01436522714702887,2029.05,Vehicle,Standard,2023-08-22,1
308,51.49844347094119,0.020691233227916772,1187.09,Property,Comprehensive,2023-07-28,0
309,51.56927792921531,-0.16421992298287755,1734.23,Property,Standard,2023-04-03,1
310,51.49062483768931,0.025930045498604948,1939.92,Vehicle,Comprehensive,2023-04-04,1
311,51.51584571310585,-0.26795406144612993,1943.48,Vehicle,Comprehensive,2023-11-23,1
312,51.461768457201345,0.05792666242421107,1886.49,Vehicle,Comprehensive,2023-08-13,1
313,51.45380261151232,-0.08096304953850547,1787.37,Vehicle,Standard,2023-10-07,1
314,51.59439726220169,0.026919107984997526,1261.16,Theft,Standard,2023-01-11,0
315,51.575397018076835,-0.11907268619267991,3201.03,Flood,Standard,2023-11-25,1
316,51.55439613091406,-0.04256892192139,1321.98,Vehicle,Comprehensive,2023-01-12,0
317,51.51134294166214,-0.08943893562555469,1213.26,Theft,Standard,2023-02-04,0
318,51.47599414801063,-0.007364191297867251,1330.43,Theft,Comprehensive,2023-08-16,0
319,51.47346555640067,-0.26734800718776414,1401.3,Theft,Premium,2023-08-08,0
320,51.48753643472469,-0.27585916640377445,235.55,Vehicle,Premium,2023-05-21,0
321,51.53238399970592,-0.2011587063959414,566.7,Flood,Comprehensive,2023-01-23,0
322,51.557189388405014,-0.23618212795472465,1075.82,Vehicle,Comprehensive,2023-03-24,0
323,51.54902960650766,0.04871342663688072,222.64,Vehicle,Standard,2023-08-17,0
324,51.4919900845419,-0.21231440505678226,1185.64,Vehicle,Comprehensive,2023-12-10,0
325,51.59322979209948,0.09034610232765256,1387.82,Property,Premium,2023-03-21,0
326,51.560684537504365,-0.16524168329155725,358.21,Vehicle,Standard,2023-12-19,0
327,51.533153107876714,-0.22715283372452028,693.6,Vehicle,Comprehensive,2023-10-17,0
328,51.54175811193515,0.015879402856991687,2750.44,Vehicle,Premium,2023-11-27,1
329,51.51294000936417,-0.03651688979964951,1746.7,Theft,Premium,2023-06-08,1
330,51.48715964842518,-0.10072171341874439,1677.31,Theft,Standard,2023-05-08,1
331,51.50339590179769,-0.07785457962494749,2530.1,Vehicle,Comprehensive,2023-07-09,1
332,51.563676916569655,-0.012319288691094443,576.61,Theft,Standard,2023-01-31,0
333,51.45215902329446,-0.2086181034674805,359.27,Theft,Standard,2023-12-25,0
334,51.46741089607604,0.09853356642269678,2305.71,Theft,Premium,2023-01-15,1
335,51.45690039630327,0.08991726485871326,1099.37,Vehicle,Premium,2023-11-09,0
336,51.45610932034785,-0.03986972546122525,563.0,Property,Comprehensive,2023-03-16,0
337,51.578319087601656,-0.2201830196283419,233.45,Flood,Standard,2023-02-03,0
338,51.55554867890701,-0.02790870302748344,1341.71,Property,Premium,2023-12-25,0
339,51.5211260743631,-0.2711206364083297,1003.22,Vehicle,Comprehensive,2023-07-15,0
340,51.46467512409765,-0.2877389991176776,872.54,Property,Standard,2023-11-27,0
341,51.523742381267525,-0.19692684459551452,92.05,Property,Comprehensive,2023-01-29,0
342,51.52102076561709,-0.11495081730427345,3173.5,Property,Standard,2023-07-13,1
343,51.4759802804865,0.047309002163352265,294.98,Vehicle,Comprehensive,2023-01-16,0
344,51.515077747385696,-0.009132372093476782,941.9,Vehicle,Comprehensive,2023-03-18,0
345,51.50977571015961,-0.002917391520007584,820.16,Theft,Standard,2023-10-20,0
346,51.54237751470784,-0.12980266622076983,1783.46,Theft,Standard,2023-03-22,1
347,51.54526404763015,-0.16162600298121482,236.41,Vehicle,Standard,2023-05-04,0
348,51.45679560146581,-0.1515844948061589,1636.15,Flood,Standard,2023-01-19,1
349,51.506191892193975,0.09505982549442316,1346.64,Vehicle,Comprehensive,2023-04-12,0
350,51.54387898735714,-0.283956323435007,664.86,Property,Premium,2023-03-18,0
351,51.52547043878702,0.04681259844897945,1595.41,Theft,Standard,2023-08-17,1
352,51.57847347617825,-0.06852983657104261,1184.06,Theft,Standard,2023-10-24,0
353,51.548804044742845,-0.12455383232416378,3674.88,Flood,Comprehensive,2023-07-22,1
354,51.474440164062216,-0.009896935833945353,1002.51,Vehicle,Premium,2023-03-02,0
355,51.46058531211007,-0.10533242343011884,498.22,Theft,Standard,2023-01-26,0
356,51.54636289173095,0.049369295232664256,1647.77,Vehicle,Standard,2023-03-12,1
357,51.45397669658124,0.060280745604503416,906.01,Property,Comprehensive,2023-04-13,0
358,51.53786633719102,-0.13131162925061782,1166.03,Property,Standard,2023-11-22,0
359,51.59103453621375,-0.18926888110597934,362.24,Property,Standard,2023-12-29,0
360,51.536321126681386,-0.06305986856265508,1802.67,Vehicle,Comprehensive,2023-06-06,1
361,51.50822548893098,0.06494533824667642,791.36,Theft,Comprehensive,2023-12-29,0
362,51.54649323276635,-0.21573512439773335,1423.81,Vehicle,Comprehensive,2023-12-25,0
363,51.51873793357373,-0.05081336657460686,4278.81,Vehicle,Comprehensive,2023-07-13,1
364,51.53184251839739,-0.047375911962991735,957.37,Property,Comprehensive,2023-10-02,0
365,51.59121972131648,-0.006754791033887597,1976.69,Property,Standard,2023-11-20,1
366,51.50791539567012,-0.24737292594909607,1010.44,Theft,Standard,2023-07-05,0
367,51.59417858457359,-0.013670014127164565,672.72,Vehicle,Standard,2023-11-22,0
368,51.58580259629341,0.06361300826625643,2814.41,Vehicle,Standard,2023-04-23,1
369,51.4793686702184,-0.2281267564519032,162.21,Theft,Comprehensive,2023-11-09,0
370,51.460404195131275,-0.20498267003044893,2334.54,Property,Premium,2023-06-14,1
371,51.465116700206615,0.08855803761665587,138.37,Vehicle,Premium,2023-03-02,0
372,51.452733273847734,-0.22760921891620406,2173.49,Property,Comprehensive,2023-04-02,1
373,51.464166444113395,0.041754037347831674,1179.61,Property,Standard,2023-10-13,0
374,51.552451016012455,-0.10308885742078605,499.5,Property,Standard,2023-06-02,0
375,51.460678297269034,-0.20110757023872916,836.13,Property,Premium,2023-08-13,0
376,51.497846344544065,0.04829996050900459,1903.29,Theft,Comprehensive,2023-05-07,1
377,51.57673129664542,-0.12187789799893378,4019.29,Theft,Comprehensive,2023-07-12,1
378,51.45349079036038,-0.09407305842812391,247.14,Property,Comprehensive,2023-04-25,0
379,51.57217027238834,-0.1563066522400937,528.35,Vehicle,Comprehensive,2023-09-19,0
380,51.492278216216015,-0.06281965942602902,330.13,Theft,Premium,2023-01-18,0
381,51.46772472414325,-0.23459045096599088,1003.97,Property,Standard,2023-01-10,0
382,51.554510574804624,-0.1435673853392957,2213.48,Property,Comprehensive,2023-04-02,1
383,51.54434142701698,0.08776492893411503,285.25,Vehicle,Premium,2023-05-19,0
384,51.58162080202906,-0.19674662691954897,1155.78,Theft,Standard,2023-11-29,0
385,51.560260656570584,-0.037305334183483085,2165.69,Property,Comprehensive,2023-12-23,1
386,51.57052213955773,-0.16992397431012204,826.24,Vehicle,Standard,2023-12-06,0
387,51.4923051858857,0.00938925027464027,1355.85,Vehicle,Premium,2023-02-21,0
388,51.47661593156696,-0.24765053571266005,2677.67,Theft,Standard,2023-07-14,1
389,51.56259221274613,0.08792841803141793,441.76,Vehicle,Comprehensive,2023-07-25,0
390,51.57102521089009,-0.11848418344654427,184.5,Flood,Standard,2023-10-14,0
391,51.598575771300105,-0.2055798146614144,1480.03,Property,Comprehensive,2023-04-03,0
392,51.51189265153672,-0.2706013010679949,1509.91,Property,Standard,2023-11-05,1
393,51.50580271286892,-0.2320968379649837,779.43,Vehicle,Standard,2023-05-25,0
394,51.5664619441113,-0.09209042057759292,656.37,Vehicle,Comprehensive,2023-03-27,0
395,51.501120531037955,-0.16519872942748545,1197.8,Flood,Premium,2023-06-02,0
396,51.589613598840536,0.0315533463530438,434.14,Vehicle,Standard,2023-01-02,0
397,51.57876191277645,-0.1276449905352776,434.81,Theft,Standard,2023-12-08,0
398,51.51434910410625,-0.20051429096494802,1894.61,Vehicle,Comprehensive,2023-09-17,1
399,51.56263066016873,-0.05314200535838795,406.0,Vehicle,Comprehensive,2023-06-13,0
400,51.5631814311127,-0.017289113245821663,198.8,Vehicle,Premium,2023-01-06,0
401,51.46546858032539,-0.23318323683962006,655.23,Property,Standard,2023-05-29,0
402,51.585382936001935,-0.23295231348467293,795.3,Flood,Comprehensive,2023-07-24,0
403,51.52578785586718,-0.2853314292265828,1636.03,Vehicle,Standard,2023-04-28,1
404,51.573968619916165,-0.005439193973743761,705.72,Vehicle,Standard,2023-03-30,0
405,51.498007440154595,-0.034478188951277966,2981.91,Vehicle,Comprehensive,2023-06-03,1
406,51.58432848427443,-0.11014764970007443,1245.48,Property,Comprehensive,2023-06-16,0
407,51.508380251810124,0.037668179587678874,578.07,Vehicle,Comprehensive,2023-06-10,0
408,51.45162564772205,0.02226806118002128,1587.09,Theft,Standard,2023-09-27,1
409,51.58580729646289,-0.06585825424129912,2946.96,Property,Comprehensive,2023-02-25,1
410,51.463693001517925,0.047308512205303466,1858.72,Property,Comprehensive,2023-08-16,1
411,51.49789704563857,-0.21766351598529268,267.3,Vehicle,Premium,2023-12-03,0
412,51.592509295057624,-0.25523215224090884,852.94,Flood,Standard,2023-05-29,0
413,51.59259107204063,-0.19210015539320413,1407.69,Vehicle,Standard,2023-02-15,0
414,51.536015683218494,-0.27716525756427407,1805.34,Vehicle,Standard,2023-05-24,1
415,51.54477558182547,-0.08753218879958719,1008.82,Property,Comprehensive,2023-08-26,0
416,51.51726682829675,0.07464227691798464,900.21,Property,Standard,2023-09-29,0
417,51.49398161575471,-0.2842625837325961,3657.16,Vehicle,Premium,2023-04-30,1
418,51.49929968180549,-0.25115603439598927,1877.86,Vehicle,Standard,2023-12-06,1
419,51.55087776841156,-0.11912038868662586,1590.63,Theft,Premium,2023-08-08,1
420,51.562856179415654,0.07355000701116199,731.37,Vehicle,Standard,2023-01-08,0
421,51.56873685655888,-0.1735375580092998,428.13,Theft,Comprehensive,2023-12-10,0
422,51.56844272141918,-0.09710607652464301,1610.62,Property,Premium,2023-10-02,1
423,51.4636809154573,-0.28337085637984316,2021.65,Vehicle,Standard,2023-12-19,1
424,51.524163045705386,-0.24066271961516444,1161.62,Property,Premium,2023-03-07,0
425,51.458633814002496,0.09465204918353881,1881.36,Vehicle,Comprehensive,2023-03-20,1
426,51.53242933234856,0.08604747857441825,1914.86,Theft,Premium,2023-03-27,1
427,51.51622957520601,-0.29802400762623615,2114.52,Property,Comprehensive,2023-05-04,1
428,51.583155627413745,0.08072471416929561,262.33,Vehicle,Standard,2023-07-21,0
429,51.50263725188282,-0.044352024873799856,872.85,Property,Standard,2023-05-30,0
430,51.467560052464144,0.04716731780800887,1680.13,Flood,Standard,2023-02-15,1
431,51.47144875230793,-0.11810405774645633,1212.23,Vehicle,Standard,2023-04-23,0
432,51.56422659475762,-0.09376158856829989,1919.0,Flood,Standard,2023-04-01,1
433,51.54273270949744,-0.1044613678972319,1589.95,Vehicle,Standard,2023-05-21,1
434,51.465168401418424,-0.03325429698155824,102.12,Vehicle,Comprehensive,2023-10-16,0
435,51.46261602091725,-0.24413949809747482,2465.56,Vehicle,Comprehensive,2023-08-06,1
436,51.55514536971887,-0.2880105640509288,785.24,Vehicle,Standard,2023-03-18,0
437,51.46091445095463,-0.1768280233635236,547.77,Vehicle,Standard,2023-11-30,0
438,51.57327900889356,-0.018127694905341274,2410.58,Vehicle,Comprehensive,2023-06-01,1
439,51.55593633407348,-0.21925861915082062,1817.8,Flood,Standard,2023-11-19,1
440,51.462202317096285,-0.03062702667003303,2640.37,Theft,Standard,2023-08-27,1
441,51.462725657112784,0.08796481844290821,1419.04,Property,Standard,2023-04-25,0
442,51.59799593677518,-0.26243971368423263,863.76,Vehicle,Premium,2023-11-15,0
443,51.50614061936342,-0.030959152709949478,1301.1,Vehicle,Premium,2023-04-04,0
444,51.505596322060036,-0.12249991227817153,461.76,Vehicle,Standard,2023-02-17,0
445,51.57191993508863,0.04725690175100217,321.49,Property,Comprehensive,2023-07-10,0
446,51.59208728660758,-0.22914008422104562,685.39,Flood,Comprehensive,2023-01-12,0
447,51.597900159573435,-0.02294961910953419,3174.02,Vehicle,Comprehensive,2023-06-05,1
448,51.563006727788846,0.03524611585924414,746.36,Vehicle,Comprehensive,2023-06-21,0
449,51.50643893782964,0.07784568778960932,203.97,Property,Comprehensive,2023-10-23,0
450,51.4625251075048,-0.026700788684141663,1031.38,Vehicle,Standard,2023-06-26,0
451,51.566572037389115,-0.10113009439662907,738.02,Vehicle,Standard,2023-12-07,0
452,51.533760637460375,-0.05286110391951443,2495.81,Property,Comprehensive,2023-02-26,1
453,51.513633301387046,0.047561993791487345,3026.27,Property,Premium,2023-12-09,1
454,51.58595315776421,-0.07175610134446811,831.49,Vehicle,Comprehensive,2023-12-06,0
455,51.46667962234593,-0.28784517612126526,1418.04,Vehicle,Premium,2023-07-22,0
456,51.52389376564363,0.07237947820279117,1505.74,Flood,Premium,2023-07-04,1
457,51.45170304671512,-0.024189299587375535,1123.25,Vehicle,Standard,2023-05-01,0
458,51.52029909629912,-0.029394645689101384,970.6,Vehicle,Comprehensive,2023-08-14,0
459,51.45844549135228,-0.21372993904091311,514.9,Vehicle,Comprehensive,2023-07-21,0
460,51.46782268744021,-0.036445811906937076,167.2,Vehicle,Premium,2023-11-26,0
461,51.46762893701657,-0.1424542377383366,512.14,Vehicle,Premium,2023-12-29,0
462,51.547381545317414,-0.03950680918340316,1092.88,Theft,Comprehensive,2023-12-22,0
463,51.56190673188981,-0.25736278787680367,285.79,Vehicle,Standard,2023-08-04,0
464,51.53750531476457,-0.036861878158785555,1364.18,Vehicle,Comprehensive,2023-02-12,0
465,51.594325882271185,0.09976549030826665,1230.46,Property,Standard,2023-01-23,0
466,51.50623058692856,-0.2807151844557776,739.09,Property,Comprehensive,2023-06-04,0
467,51.49285681294228,0.09086967368852694,937.99,Theft,Premium,2023-07-05,0
468,51.58028986922842,-0.13723681571085172,342.24,Theft,Standard,2023-09-06,0
469,51.48353937577792,0.048301380134903704,2088.6,Vehicle,Comprehensive,2023-08-25,1
470,51.594483380916095,0.012954193623309407,2064.27,Theft,Comprehensive,2023-10-20,1
471,51.45182317120347,-0.07319349560533286,406.23,Property,Comprehensive,2023-05-14,0
472,51.59548182400615,-0.004620316299469351,417.85,Flood,Standard,2023-11-17,0
473,51.45647398679259,0.05140622452053917,518.43,Property,Comprehensive,2023-01-22,0
474,51.583671467054714,-0.13834387133958678,1739.36,Flood,Premium,2023-12-27,1
475,51.52915516636295,-0.1691867353747045,1502.32,Theft,Premium,2023-03-29,1
476,51.598944719417894,-0.03296264577456609,2392.13,Vehicle,Standard,2023-06-02,1
477,51.461069484710315,0.02313837677650349,2574.94,Property,Premium,2023-05-05,1
478,51.5330781426602,0.00491405391064631,257.93,Flood,Comprehensive,2023-03-20,0
479,51.595395380342865,0.01912545954345385,1695.83,Theft,Standard,2023-12-12,1
480,51.528464676625525,-0.12576667407482678,2506.26,Vehicle,Standard,2023-02-20,1
481,51.54440979572029,0.02713368647000869,890.06,Property,Standard,2023-08-04,0
482,51.554362303347695,-0.2519163778517566,1145.51,Vehicle,Premium,2023-06-25,0
483,51.51818115971517,-0.08220436081566015,1016.09,Vehicle,Comprehensive,2023-12-24,0
484,51.54413371201261,-0.29769653580075134,1051.84,Vehicle,Comprehensive,2023-09-10,0
485,51.537647146788466,-0.17016566803989186,2083.7,Vehicle,Standard,2023-09-03,1
486,51.58517370157365,-0.15341538605144084,3569.55,Theft,Comprehensive,2023-08-15,1
487,51.456816957051224,-0.14153092335629783,2913.32,Vehicle,Standard,2023-04-16,1
488,51.49214447843884,-0.02181311732405511,768.6,Theft,Standard,2023-07-12,0
489,51.592561722611485,-0.1445767594918617,1421.35,Vehicle,Comprehensive,2023-11-12,0
490,51.58353956758364,-0.12052255095098771,592.05,Vehicle,Standard,2023-10-29,0
491,51.51834851291786,-0.20498234765026901,647.28,Vehicle,Premium,2023-02-05,0
492,51.543019889670234,-0.15069928334826396,1107.0,Vehicle,Standard,2023-07-23,0
493,51.49160717744717,-0.2090921490947394,632.01,Vehicle,Comprehensive,2023-09-24,0
494,51.47821817395857,-0.27072163049262254,717.06,Vehicle,Comprehensive,2023-09-25,0
495,51.519554760741,-0.058620562647448804,1396.66,Property,Comprehensive,2023-06-19,0
496,51.50300283420391,-0.03271488057799349,1679.0,Vehicle,Standard,2023-02-08,1
497,51.53754841677763,-0.05220386159615417,1647.31,Vehicle,Standard,2023-05-19,1
498,51.46166019554475,-0.11460238247977103,1658.99,Vehicle,Premium,2023-10-19,1
499,51.596159221149925,-0.14808568792830806,367.54,Theft,Standard,2023-02-21,0
500,51.59793161167194,0.045333459828730105,603.9,Flood,Premium,2023-10-14,0
501,51.55472425710296,-0.09236728594551274,1201.29,Property,Premium,2023-10-16,0
502,51.53041445495162,-0.10832724894810758,2429.75,Vehicle,Standard,2023-05-21,1
503,51.49642914244295,-0.2897431736774257,4872.0,Vehicle,Standard,2023-05-26,1
504,51.57206925295604,-0.16350086894953744,1463.33,Flood,Comprehensive,2023-11-10,0
505,51.55270967588309,-0.14792175248565714,1947.77,Vehicle,Premium,2023-07-03,1
506,51.47439254090174,-0.14047088764123977,326.91,Vehicle,Premium,2023-06-01,0
507,51.58663907767408,-0.06793105230906707,1911.57,Vehicle,Comprehensive,2023-07-20,1
508,51.573380586438475,-0.0865589813092486,4052.52,Vehicle,Comprehensive,2023-05-08,1
509,51.59246998699379,-0.056837962882622134,601.94,Vehicle,Standard,2023-10-14,0
510,51.558857926258256,0.00595330461685134,737.17,Theft,Premium,2023-11-07,0
511,51.54201227939037,0.025194295486437424,2128.64,Vehicle,Premium,2023-09-10,1
512,51.512736455443594,-0.012750769509402238,1189.76,Property,Standard,2023-09-23,0
513,51.58990927250311,0.0822094783819739,149.67,Vehicle,Standard,2023-07-07,0
514,51.579909583425064,-0.29270696692945536,775.37,Vehicle,Standard,2023-08-18,0
515,51.45678280051593,-0.22168880572658156,3017.97,Flood,Standard,2023-09-28,1
516,51.45395504617459,-0.29697485000874313,932.29,Vehicle,Premium,2023-09-16,0
517,51.50646950503171,-0.041010114338158765,931.67,Theft,Standard,2023-10-26,0
518,51.57158299961728,0.059212219579994785,2036.6,Property,Standard,2023-07-17,1
519,51.59809141939724,-0.20260708136948027,1501.74,Vehicle,Standard,2023-11-19,1
520,51.47256253366553,0.0708138179185227,892.15,Flood,Premium,2023-02-25,0
521,51.53911960730282,-0.2758930438841756,696.24,Vehicle,Comprehensive,2023-11-15,0
522,51.50713362849466,0.07377441072220575,6376.17,Theft,Comprehensive,2023-07-22,1
523,51.59548715967219,-0.15935092510414622,2691.69,Vehicle,Standard,2023-09-28,1
524,51.57631783847036,-0.25943166862031336,1658.55,Theft,Premium,2023-04-19,1
525,51.57574930570667,-0.10565129632546971,1734.4,Vehicle,Premium,2023-04-26,1
526,51.52030397396925,-0.19728937291179682,1056.93,Property,Standard,2023-04-02,0
527,51.51222292535065,-0.18605083921523086,1488.76,Theft,Standard,2023-05-18,0
528,51.49101106078961,-0.17708401402948537,971.08,Flood,Standard,2023-10-30,0
529,51.45845632449764,0.021210359133065404,554.0,Flood,Standard,2023-02-26,0
530,51.57970835643826,-0.08433548932989818,1531.26,Theft,Comprehensive,2023-02-19,1
531,51.571935151369516,-0.17547692033759854,905.65,Theft,Premium,2023-03-12,0
532,51.59995765099292,-0.055866486675632626,1588.97,Vehicle,Comprehensive,2023-03-23,1
533,51.59949552556109,-0.01353973031072253,1805.49,Vehicle,Premium,2023-04-15,1
534,51.533314755840394,-0.19095039970658648,1649.16,Vehicle,Comprehensive,2023-03-29,1
535,51.56534811227708,-0.13458035938985938,513.78,Vehicle,Comprehensive,2023-01-02,0
536,51.591714859482366,-0.25124556266522097,828.68,Vehicle,Comprehensive,2023-12-26,0
537,51.57744710860161,-0.22754026018612786,919.8,Property,Standard,2023-03-25,0
538,51.48710221526148,-0.027552858414006842,2289.35,Vehicle,Standard,2023-02-12,1
539,51.51758162029652,-0.2274246609217492,2209.06,Property,Comprehensive,2023-06-03,1
540,51.46937391227273,-0.0899346465331759,635.73,Vehicle,Standard,2023-11-23,0
541,51.59310765408881,-0.016381495311026895,358.89,Vehicle,Standard,2023-04-04,0
542,51.540926195167636,-0.25724923076210243,5020.76,Property,Comprehensive,2023-10-25,1
543,51.48429642082552,-0.07307511214843856,1603.3,Theft,Premium,2023-05-13,1
544,51.55075510266088,-0.19737488651945448,312.04,Property,Comprehensive,2023-03-06,0
545,51.542719236068685,0.08517075009503194,727.09,Property,Premium,2023-10-17,0
546,51.50372440770493,-0.10658174131203008,2354.5,Vehicle,Comprehensive,2023-09-14,1
547,51.467033638829946,0.022397019910063265,4254.62,Property,Comprehensive,2023-08-01,1
548,51.550735979338924,-0.07990938313749527,3805.76,Vehicle,Comprehensive,2023-05-28,1
549,51.52804615513557,-0.2826349868580723,1555.37,Vehicle,Premium,2023-03-02,1
550,51.56584775876035,-0.04673944976239103,1169.72,Vehicle,Comprehensive,2023-05-29,0
551,51.5280245251668,0.08056133688266282,469.34,Vehicle,Comprehensive,2023-03-29,0
552,51.577827225047784,-0.0593552719414675,1245.83,Vehicle,Comprehensive,2023-11-20,0
553,51.53278602581617,0.027675543770716127,530.18,Flood,Comprehensive,2023-10-05,0
554,51.53414069573031,0.053682585339363154,835.36,Flood,Standard,2023-03-23,0
555,51.581498040398756,-0.208768091220427,2127.1,Vehicle,Standard,2023-05-09,1
556,51.51052242993186,-0.2151820640367093,967.23,Vehicle,Standard,2023-10-13,0
557,51.4701022842676,-0.05560760445960328,916.26,Vehicle,Premium,2023-12-19,0
558,51.45431740144701,-0.1355886120773181,1121.88,Vehicle,Standard,2023-10-07,0
559,51.563270588351045,0.03594452114668817,5499.23,Flood,Standard,2023-09-27,1
560,51.54304643270302,0.060009249359204486,422.68,Vehicle,Comprehensive,2023-10-19,0
561,51.55561196521489,-0.15863144827891273,1439.1,Theft,Standard,2023-07-22,0
562,51.48194462422634,-0.20525177641020714,3586.79,Vehicle,Comprehensive,2023-01-24,1
563,51.47045572133802,0.012210206097544751,1119.32,Flood,Standard,2023-12-17,0
564,51.452181699850186,-0.19007758578074554,2658.52,Vehicle,Premium,2023-11-07,1
565,51.50258813382099,0.0290457274054714,334.46,Theft,Premium,2023-07-27,0
566,51.5384876530282,-0.13050469854049485,992.68,Vehicle,Premium,2023-10-07,0
567,51.50883660676496,-0.03298004028341178,582.74,Property,Comprehensive,2023-07-24,0
568,51.51562123830356,-0.2617858744661327,1110.2,Vehicle,Comprehensive,2023-06-01,0
569,51.58562380417406,-0.05045627012937076,1128.39,Vehicle,Standard,2023-01-26,0
570,51.5022383200535,-0.11929292850510834,1219.89,Flood,Standard,2023-07-13,0
571,51.52709842337397,-0.06535661472981033,2113.62,Flood,Standard,2023-12-02,1
572,51.56754795191117,-0.2327943169020546,86.35,Theft,Comprehensive,2023-08-26,0
573,51.50948141734819,-0.00525050202232713,699.8,Property,Comprehensive,2023-11-17,0
574,51.543313005034186,0.04511883101729147,1368.21,Theft,Comprehensive,2023-03-16,0
575,51.57935455631201,-0.21330407996368972,159.8,Vehicle,Standard,2023-06-12,0
576,51.59242809354865,-0.2617141777919353,1821.09,Vehicle,Comprehensive,2023-10-26,1
577,51.47206102213936,-0.2905445655814654,688.52,Vehicle,Comprehensive,2023-01-29,0
578,51.58898814377422,-0.043211399822693564,1007.73,Property,Comprehensive,2023-06-14,0
579,51.52381744396193,-0.05716238556448766,2179.61,Vehicle,Comprehensive,2023-12-03,1
580,51.48873665824485,-0.08132103491437198,2739.62,Vehicle,Standard,2023-07-05,1
581,51.51887036343574,-0.2072211615536098,1860.04,Property,Premium,2023-02-23,1
582,51.59700488629282,-0.1436376016377941,410.98,Theft,Comprehensive,2023-10-22,0
583,51.523892714098935,-0.062209465925530755,1795.77,Vehicle,Standard,2023-02-11,1
584,51.49931274154313,-0.10129325645633222,1880.86,Vehicle,Standard,2023-10-12,1
585,51.54501012814751,0.09511420808595494,1630.62,Vehicle,Comprehensive,2023-05-18,1
586,51.48602184281673,-0.24542409897730674,3038.78,Vehicle,Premium,2023-07-06,1
587,51.4613794992163,-0.021942178380962463,1244.07,Vehicle,Comprehensive,2023-07-23,0
588,51.4693319582866,-0.13827249275828313,2961.83,Property,Standard,2023-02-11,1
589,51.46920687584367,-0.12872015402975406,2949.93,Property,Premium,2023-12-16,1
590,51.472785404026844,-0.012960893736729484,1917.84,Property,Comprehensive,2023-10-15,1
591,51.47082407589741,-0.0230255394702521,1455.73,Vehicle,Comprehensive,2023-01-26,0
592,51.546131211720486,0.09650239748087536,1637.3,Theft,Comprehensive,2023-02-25,1
593,51.47728201265988,-0.24864228421834988,3475.87,Vehicle,Standard,2023-09-10,1
594,51.50185009249858,-0.25835614024633347,2427.64,Property,Comprehensive,2023-05-02,1
595,51.584518261485904,-0.010264473148503539,460.23,Theft,Standard,2023-04-16,0
596,51.52109424603943,-0.06864523319743634,1564.48,Vehicle,Premium,2023-05-10,1
597,51.55013366077816,-0.19033573337607762,556.08,Vehicle,Comprehensive,2023-12-03,0
598,51.47584798068025,-0.26823225240440535,671.03,Theft,Comprehensive,2023-06-07,0
599,51.4788433528213,-0.26573670016142775,862.85,Vehicle,Comprehensive,2023-08-19,0
600,51.45613029243997,0.05767634986564735,301.67,Property,Premium,2023-11-04,0
601,51.47534025946083,-0.22325307011250284,523.58,Vehicle,Premium,2023-04-01,0
602,51.4917885508548,-0.17065137515379167,3148.65,Property,Comprehensive,2023-01-22,1
603,51.47655157264151,-0.20933743910920477,667.44,Vehicle,Comprehensive,2023-10-17,0
604,51.46330538006356,-0.15800147766722505,2121.81,Vehicle,Comprehensive,2023-04-20,1
605,51.46809538066509,-0.27223046290156266,1328.95,Property,Comprehensive,2023-02-18,0
606,51.51911681520491,-0.09237608363669184,1741.46,Vehicle,Standard,2023-05-09,1
607,51.48095005776087,-0.272954974563114,1793.88,Vehicle,Comprehensive,2023-03-14,1
608,51.50464047915721,0.02014260312894467,502.37,Vehicle,Standard,2023-12-06,0
609,51.52551259062823,-0.20651516723582677,2113.27,Vehicle,Premium,2023-02-22,1
610,51.5535592242944,-0.08399523415819574,369.7,Vehicle,Standard,2023-12-22,0
611,51.455896820976164,0.052031635024583356,643.48,Vehicle,Premium,2023-06-17,0
612,51.569911559836356,-0.03964905238112232,1775.64,Flood,Comprehensive,2023-02-14,1
613,51.544185058423636,-0.08681688537946586,471.98,Vehicle,Comprehensive,2023-04-15,0
614,51.46226385479233,-0.17026649875384975,140.01,Property,Comprehensive,2023-05-30,0
615,51.581036793616015,-0.16679923477672082,1512.03,Vehicle,Standard,2023-05-26,1
616,51.58813086007977,-0.03220521792072395,246.96,Vehicle,Standard,2023-07-23,0
617,51.45916169397823,0.09765574448846703,1894.32,Flood,Standard,2023-12-28,1
618,51.49153164722208,-0.03526432406024854,914.44,Vehicle,Comprehensive,2023-10-26,0
619,51.57093019196896,-0.07688663305199,1496.41,Flood,Comprehensive,2023-06-16,0
620,51.562238953557554,-0.007739795904301516,1476.33,Vehicle,Comprehensive,2023-07-20,0
621,51.47767815290346,-0.11391775508651272,1992.91,Property,Standard,2023-05-14,1
622,51.48140239850051,-0.2759430629596859,1812.29,Property,Standard,2023-07-30,1
623,51.50557081541871,-0.07508127364883604,467.97,Theft,Comprehensive,2023-02-17,0
624,51.52267844777865,0.0830501138021521,959.7,Property,Premium,2023-05-06,0
625,51.54273821572955,-0.22987882305693613,1495.13,Property,Comprehensive,2023-08-27,0
626,51.50533704593547,-0.023998043671733693,2997.14,Vehicle,Comprehensive,2023-01-07,1
627,51.51938020741997,-0.21962652453637738,1823.96,Vehicle,Comprehensive,2023-09-29,1
628,51.56212064072007,-0.08566892621076747,2826.83,Flood,Standard,2023-02-06,1
629,51.455502480433594,-0.2613294201413121,1552.3,Vehicle,Premium,2023-07-30,1
630,51.48786554165161,-0.11985162549672593,2456.38,Vehicle,Comprehensive,2023-06-14,1
631,51.55700243788269,0.0024653315580984714,1406.78,Theft,Standard,2023-05-05,0
632,51.584281025653084,-0.16097139030440716,2388.88,Vehicle,Comprehensive,2023-12-03,1
633,51.526751616317355,-0.034035310205112745,877.04,Flood,Standard,2023-07-11,0
634,51.5298170227898,0.018179984315891684,3226.59,Property,Premium,2023-08-06,1
635,51.46607580170097,0.07087112779178112,1679.2,Property,Standard,2023-08-02,1
636,51.51711185502352,-0.20614316725781856,303.98,Theft,Comprehensive,2023-03-03,0
637,51.529892589968256,-0.1402736336762767,1531.45,Vehicle,Standard,2023-11-24,1
638,51.48637057554521,-0.23903359466783303,1828.14,Vehicle,Comprehensive,2023-06-10,1
639,51.49038648464241,0.09699340086335012,2163.43,Property,Comprehensive,2023-03-07,1
640,51.506592624465696,0.07080038716971815,3973.53,Vehicle,Comprehensive,2023-10-13,1
641,51.45301067966666,-0.08401714788777614,766.71,Property,Comprehensive,2023-08-27,0
642,51.498311874837476,0.036813317750568564,3990.8,Flood,Premium,2023-01-20,1
643,51.481717201049484,-0.09161680909118311,1170.01,Vehicle,Standard,2023-07-07,0
644,51.49912460282669,-0.050565724798896095,616.1,Vehicle,Standard,2023-03-23,0
645,51.46796431977289,-0.26435022715359335,780.76,Flood,Standard,2023-12-29,0
646,51.58357909211099,0.002108168198723226,1752.85,Vehicle,Premium,2023-07-21,1
647,51.53903886803311,-0.24891460654590605,538.52,Property,Standard,2023-05-12,0
648,51.551865347871676,0.030427052101011376,889.26,Vehicle,Comprehensive,2023-02-06,0
649,51.5683756857911,0.012811235068154403,1504.19,Flood,Comprehensive,2023-05-12,1
650,51.52476632983936,-0.016502120902809392,3210.14,Property,Standard,2023-03-18,1
651,51.46303804321312,-0.28553584779009517,2121.07,Theft,Standard,2023-03-30,1
652,51.53056598127279,-0.17874865762186853,1206.43,Theft,Standard,2023-09-10,0
653,51.53802616770314,-0.19475497203566283,1747.23,Vehicle,Comprehensive,2023-12-10,1
654,51.56181592112765,-0.15594543701139235,1398.62,Vehicle,Standard,2023-07-13,0
655,51.514748931934456,-0.2649429012944646,405.0,Theft,Standard,2023-06-25,0
656,51.46913704541934,0.07478312921242514,3580.79,Vehicle,Premium,2023-02-02,1
657,51.492566385869814,-0.07847910371504946,3243.72,Theft,Premium,2023-02-27,1
658,51.504462344459796,-0.17779027573679057,1101.11,Flood,Standard,2023-07-20,0
659,51.546887586199745,-0.1412073931702866,804.25,Property,Standard,2023-01-28,0
660,51.53561674570034,-0.12111898379806571,414.18,Property,Standard,2023-02-04,0
661,51.50341450888468,-0.05976226665575307,1824.74,Theft,Comprehensive,2023-05-05,1
662,51.59797728731895,-0.09372822892140087,1833.05,Theft,Premium,2023-11-17,1
663,51.54086622290354,0.06775678928576695,580.31,Vehicle,Standard,2023-02-11,0
664,51.4855840187604,-0.10121460683766786,1410.73,Vehicle,Standard,2023-03-26,0
665,51.465267370893066,0.09686320592932512,2076.12,Vehicle,Comprehensive,2023-07-07,1
666,51.47292887087765,0.04056998309803833,759.44,Property,Comprehensive,2023-04-21,0
667,51.48689365925768,-0.21659579425706565,997.97,Property,Standard,2023-09-28,0
668,51.474102205988935,0.07223808585756653,990.35,Property,Comprehensive,2023-11-21,0
669,51.477985053607696,-0.25345344084580956,613.69,Vehicle,Standard,2023-04-15,0
670,51.49276427530408,0.026979883396476667,1014.1,Property,Standard,2023-11-16,0
671,51.47600603929422,-0.14775068260936794,252.19,Vehicle,Comprehensive,2023-02-10,0
672,51.584514813693964,0.05118972817802786,950.13,Property,Premium,2023-08-03,0
673,51.46203506184925,0.047222676042980194,961.75,Property,Comprehensive,2023-03-12,0
674,51.52867670843554,0.022370160047048504,1111.74,Vehicle,Premium,2023-02-25,0
675,51.51155952404845,0.016012174522824607,1655.78,Vehicle,Comprehensive,2023-08-24,1
676,51.597356792536296,-0.17812834436078367,382.15,Property,Comprehensive,2023-10-08,0
677,51.46680583532521,-0.26763228677949913,455.62,Property,Comprehensive,2023-04-15,0
678,51.50967833985686,-0.1388079284939354,600.0,Vehicle,Premium,2023-06-11,0
679,51.59542056499131,-0.23059019400539651,343.63,Flood,Premium,2023-07-10,0
680,51.579826068884095,-0.022019564439015316,1791.24,Property,Standard,2023-01-09,1
681,51.57256081064239,-0.16156010938488577,731.95,Flood,Premium,2023-03-01,0
682,51.48868542405674,0.09024408034396597,1138.49,Vehicle,Premium,2023-11-01,0
683,51.47563313810851,-0.04361116906186718,555.64,Property,Comprehensive,2023-08-13,0
684,51.550296482988664,0.028992225453744414,870.91,Theft,Standard,2023-11-03,0
685,51.58940639836914,-0.2469901309032606,1460.48,Property,Premium,2023-07-07,0
686,51.53351443395209,0.04480579290904907,1512.19,Property,Premium,2023-03-11,1
687,51.53574190342049,0.06910287620535777,474.21,Vehicle,Standard,2023-10-20,0
688,51.49199686404904,-0.1051752324724256,1095.33,Vehicle,Premium,2023-10-14,0
689,51.56542393997879,-0.057498824899609,564.16,Vehicle,Standard,2023-06-18,0
690,51.47805656228363,0.005923920361198209,1064.3,Vehicle,Standard,2023-03-03,0
691,51.498551885460635,-0.23006454909583496,681.41,Vehicle,Comprehensive,2023-12-15,0
692,51.51381546579246,-0.09897356941462301,3729.93,Vehicle,Comprehensive,2023-01-14,1
693,51.52614155680267,-0.14053478889107474,2067.91,Flood,Comprehensive,2023-06-13,1
694,51.486361459862266,-0.24145040313510036,1559.95,Vehicle,Standard,2023-09-02,1
695,51.46722552371088,-0.1529862310833874,932.35,Property,Premium,2023-12-01,0
696,51.54159300636625,-0.27273107624580256,2109.22,Theft,Standard,2023-01-08,1
697,51.49329458298604,-0.2896752372202052,1119.95,Property,Standard,2023-06-03,0
698,51.53718573321339,-0.24593348433807088,3483.63,Vehicle,Standard,2023-02-05,1
699,51.47315440729113,0.0852460446356696,2255.01,Property,Comprehensive,2023-02-17,1
700,51.522171015278225,-0.0801881856419932,865.81,Property,Premium,2023-03-26,0
701,51.52988841488274,0.08632886446128801,3225.65,Property,Comprehensive,2023-01-28,1
702,51.45777353052337,-0.1270008486679472,936.16,Theft,Premium,2023-07-15,0
703,51.500490641729094,-0.17527354676589615,3872.08,Flood,Standard,2023-07-27,1
704,51.47016220154085,-0.09754325486390233,3339.24,Property,Comprehensive,2023-07-23,1
705,51.45950624557092,-0.12419532454683593,1454.73,Vehicle,Comprehensive,2023-11-03,0
706,51.59849403485849,-0.2577341262953024,262.74,Property,Comprehensive,2023-04-14,0
707,51.49835307674621,-0.04366947412391747,1373.74,Vehicle,Standard,2023-08-18,0
708,51.57148116687819,-0.21358472699616016,429.46,Theft,Comprehensive,2023-04-11,0
709,51.488196098214566,-0.052164818040868144,699.04,Vehicle,Comprehensive,2023-01-29,0
710,51.55222540833359,-0.039919563040738626,744.14,Vehicle,Comprehensive,2023-05-07,0
711,51.564034178983455,-0.23919005874854074,425.96,Theft,Comprehensive,2023-12-04,0
712,51.53934581109118,-0.27546014915573275,1377.53,Property,Standard,2023-01-10,0
713,51.520736428282525,0.012304634427375949,630.72,Vehicle,Comprehensive,2023-04-16,0
714,51.51177613712209,-0.11607983049227191,970.5,Property,Standard,2023-06-16,0
715,51.502330239981454,-0.2767344817978097,749.44,Theft,Premium,2023-09-14,0
716,51.58942937163717,0.09794652686790689,1660.85,Vehicle,Comprehensive,2023-10-22,1
717,51.57459291116816,-0.27688777560145333,1576.25,Theft,Standard,2023-10-04,1
718,51.59475403659998,-0.021985908456578718,910.02,Vehicle,Premium,2023-03-06,0
719,51.46864458352283,0.0934715701053655,1719.79,Theft,Comprehensive,2023-09-28,1
720,51.55963012128055,-0.20432795831362974,2666.99,Theft,Standard,2023-07-07,1
721,51.590751068523154,-0.24310025252512152,114.4,Vehicle,Comprehensive,2023-11-13,0
722,51.47718495992485,-0.2514460242310284,714.09,Vehicle,Standard,2023-05-18,0
723,51.45997444010502,-0.17868994097296176,508.5,Vehicle,Premium,2023-12-09,0
724,51.56116809739351,-0.2595816755957413,661.27,Property,Premium,2023-04-15,0
725,51.53617096697699,-0.023135463322347227,87.73,Property,Premium,2023-02-03,0
726,51.57627431651374,-0.2750832807479749,108.05,Property,Comprehensive,2023-04-20,0
727,51.47096585649395,-0.0962311487400841,770.83,Vehicle,Comprehensive,2023-02-02,0
728,51.569290096778985,0.09867874154119077,752.79,Vehicle,Comprehensive,2023-12-20,0
729,51.48024409800716,0.025588107802407556,2924.79,Vehicle,Standard,2023-08-19,1
730,51.474548391429856,-0.05391222470759563,1299.03,Vehicle,Comprehensive,2023-11-13,0
731,51.47463986968965,-0.17749855168535533,1688.9,Property,Comprehensive,2023-09-23,1
732,51.57218620803471,-0.05044166548334458,9527.16,Theft,Standard,2023-07-01,1
733,51.54977958310443,-0.08918341443533934,3522.36,Property,Comprehensive,2023-12-06,1
734,51.52845981371537,-0.12956664644385138,1126.02,Vehicle,Premium,2023-03-06,0
735,51.50382457261853,-0.2477158493039202,823.75,Flood,Premium,2023-11-29,0
736,51.58158008112197,0.05464168609618675,723.76,Property,Standard,2023-01-01,0
737,51.5088667661134,-0.12008614047147098,1490.5,Flood,Standard,2023-05-13,0
738,51.57248991592074,-0.22215099527169396,829.52,Property,Standard,2023-03-21,0
739,51.51587023628554,-0.15289625964908413,414.43,Vehicle,Premium,2023-09-28,0
740,51.50654166441374,-0.13434809898842917,746.67,Vehicle,Standard,2023-08-29,0
741,51.51940196785044,0.031015158226749773,1521.51,Property,Comprehensive,2023-01-28,1
742,51.49520668112462,-0.00655424777543917,1902.27,Vehicle,Standard,2023-08-11,1
743,51.56214140702644,0.007721957456535977,3761.5,Vehicle,Comprehensive,2023-01-23,1
744,51.525408058513875,-0.2955874942285411,1257.55,Property,Standard,2023-04-19,0
745,51.48483190427203,-0.13353840072809536,2773.28,Property,Comprehensive,2023-04-17,1
746,51.58493618599119,-0.10746233934587052,999.42,Property,Standard,2023-05-25,0
747,51.507583683205986,-0.2923230892707773,1109.62,Vehicle,Comprehensive,2023-12-20,0
748,51.5315329291671,-0.1960747165019863,1064.75,Vehicle,Standard,2023-05-19,0
749,51.58597081664468,0.004115929248854011,1371.66,Property,Comprehensive,2023-10-11,0
750,51.5436356993871,-0.24515611770840037,2141.57,Flood,Premium,2023-10-25,1
751,51.46753470610626,-0.08587594741896332,801.52,Property,Standard,2023-04-09,0
752,51.59097481854202,-0.21391925119310498,533.45,Flood,Premium,2023-11-13,0
753,51.54415620796072,-0.2951516901424427,2260.42,Theft,Comprehensive,2023-05-03,1
754,51.50023584219856,-0.20351941696018339,2150.92,Property,Standard,2023-11-16,1
755,51.47089081089951,0.09034950196402153,3067.7,Vehicle,Comprehensive,2023-10-14,1
756,51.56910377839055,0.02061484475319586,701.55,Property,Standard,2023-03-22,0
757,51.54301091338928,0.08383065772841342,971.28,Property,Comprehensive,2023-01-10,0
758,51.53001916379645,-0.104858382429455,2318.88,Property,Comprehensive,2023-01-08,1
759,51.584083887457645,-0.2561055205289986,793.84,Property,Standard,2023-07-24,0
760,51.56828958168368,-0.08081620441052279,1846.46,Property,Comprehensive,2023-11-11,1
761,51.47275123195992,-0.11824906617601563,1002.84,Vehicle,Premium,2023-07-16,0
762,51.496758310169334,0.03774283309584642,1484.7,Property,Premium,2023-07-17,0
763,51.487273370972176,-0.26076696768630214,406.49,Vehicle,Comprehensive,2023-01-30,0
764,51.5615919438859,-0.10470354519128872,1245.38,Theft,Premium,2023-01-20,0
765,51.45502986521037,-0.23998053412240627,2631.11,Vehicle,Comprehensive,2023-02-17,1
766,51.5354834527307,-0.17012962924397598,2019.66,Vehicle,Standard,2023-05-10,1
767,51.564368802861104,-0.005057169044880128,502.08,Vehicle,Premium,2023-10-20,0
768,51.58151484551426,-0.10959274825249338,3565.33,Property,Comprehensive,2023-05-12,1
769,51.50131226230739,-0.14964468594169225,2523.25,Vehicle,Comprehensive,2023-12-22,1
770,51.573188595700806,-0.14220948857198584,425.3,Vehicle,Comprehensive,2023-02-23,0
771,51.46659476054328,-0.11622129263760533,750.95,Property,Premium,2023-10-08,0
772,51.57696784376018,0.014006617534822796,448.65,Vehicle,Premium,2023-09-22,0
773,51.4691232993498,0.05683387557609382,1515.1,Flood,Comprehensive,2023-08-03,1
774,51.50959309358406,0.08213387460157134,723.42,Flood,Standard,2023-10-17,0
775,51.56959430486693,0.014761354502118074,151.38,Property,Comprehensive,2023-02-12,0
776,51.47248761410232,-0.1738372417007949,1105.74,Vehicle,Comprehensive,2023-03-15,0
777,51.484387709284896,-0.02474611756538314,2199.27,Property,Standard,2023-12-16,1
778,51.558337885258965,-0.12495875037784321,1264.87,Vehicle,Comprehensive,2023-10-05,0
779,51.55800548048191,-0.1981317511815795,1729.95,Property,Comprehensive,2023-11-22,1
780,51.5461721449328,0.036348631770369066,1356.71,Vehicle,Standard,2023-08-30,0
781,51.55409226667007,-0.28462946041507,1961.7,Flood,Standard,2023-05-10,1
782,51.531408666502145,0.06070479685416946,1447.52,Vehicle,Standard,2023-12-16,0
783,51.487769858836046,-0.11540901415010632,1059.25,Property,Premium,2023-07-13,0
784,51.50185439902559,-0.04511940927668778,1253.1,Property,Standard,2023-02-01,0
785,51.477239657520215,-0.036258431117686896,3143.59,Property,Standard,2023-04-16,1
786,51.586267584200044,0.05804709628261456,1799.78,Vehicle,Comprehensive,2023-07-23,1
787,51.537508769214924,-0.04533212713311707,500.53,Flood,Standard,2023-01-01,0
788,51.510127712514546,-0.054426566095975265,1238.1,Property,Standard,2023-09-02,0
789,51.51930087054662,-0.273339183775724,1495.47,Property,Standard,2023-03-13,0
790,51.592092500941774,-0.09263679122191834,1031.91,Vehicle,Comprehensive,2023-11-02,0
791,51.47300271046741,-0.23993239967318333,152.41,Property,Comprehensive,2023-01-15,0
792,51.53793447480252,-0.005026492511405745,549.08,Vehicle,Standard,2023-02-22,0
793,51.52588330183267,-0.09511123167493019,831.39,Vehicle,Comprehensive,2023-01-08,0
794,51.5417181353152,-0.027908888316658664,3839.1,Vehicle,Premium,2023-11-26,1
795,51.45271652757313,-0.28333083975904627,1663.32,Theft,Standard,2023-02-15,1
796,51.58081858634162,-0.2660831935816787,252.62,Vehicle,Standard,2023-11-21,0
797,51.589817742372546,-0.013470644774927099,1084.08,Vehicle,Standard,2023-04-24,0
798,51.53476997753838,-0.27116626560053064,2821.72,Property,Comprehensive,2023-05-27,1
799,51.55449762358153,-0.27149730889389656,714.75,Theft,Comprehensive,2023-06-15,0
800,51.58837490717659,-0.29515660990604503,2379.12,Vehicle,Standard,2023-05-19,1
801,51.55608579514701,0.0826005593197921,261.84,Property,Comprehensive,2023-04-27,0
802,51.47288085643714,-0.004996656216397222,22.64,Vehicle,Standard,2023-10-26,0
803,51.53644325402502,-0.15869943659917432,2622.21,Vehicle,Comprehensive,2023-10-03,1
804,51.54100725695743,-0.1813857674849379,796.17,Vehicle,Comprehensive,2023-10-04,0
805,51.51361960069536,-0.16011870810166015,849.61,Theft,Standard,2023-12-04,0
806,51.56046663534371,0.009861412472472797,1347.35,Vehicle,Comprehensive,2023-11-09,0
807,51.59015505221535,-0.03545175557183422,1621.53,Vehicle,Standard,2023-06-27,1
808,51.58883527693602,-0.2259217728530128,53.31,Vehicle,Comprehensive,2023-11-26,0
809,51.517625905710624,-0.23035626586636626,667.18,Theft,Standard,2023-12-20,0
810,51.466985706876116,-0.26064174011464103,1220.79,Vehicle,Premium,2023-06-03,0
811,51.59772617984435,-0.0358789121194647,1618.89,Vehicle,Standard,2023-07-20,1
812,51.575834712966895,0.005749064888694422,495.0,Vehicle,Premium,2023-04-25,0
813,51.46869940218049,-0.19398142866999837,989.74,Vehicle,Standard,2023-06-08,0
814,51.58812628239261,-0.29162201558763484,712.84,Property,Comprehensive,2023-02-11,0
815,51.58048445430932,-0.26713133300942904,1381.25,Property,Standard,2023-09-04,0
816,51.52782570856891,0.08714401393801224,2558.86,Vehicle,Premium,2023-03-09,1
817,51.53869131536174,-0.18182208900903188,888.41,Vehicle,Standard,2023-11-22,0
818,51.50985040558052,0.007689259135253479,314.28,Vehicle,Standard,2023-11-30,0
819,51.45821424582331,-0.050134572458294474,635.82,Vehicle,Comprehensive,2023-07-15,0
820,51.50027958624689,-0.1472241441388416,3541.73,Vehicle,Standard,2023-03-31,1
821,51.5704280172897,-0.21772509512177796,551.06,Theft,Standard,2023-04-21,0
822,51.450694803450695,-0.25144543273623743,382.6,Flood,Premium,2023-12-25,0
823,51.500024875753674,-0.05399481278445334,844.38,Flood,Premium,2023-05-25,0
824,51.509725304038646,0.009853512255115215,1084.29,Theft,Standard,2023-10-02,0
825,51.53060934044069,-0.042438298583547696,750.71,Property,Premium,2023-06-28,0
826,51.587978342461916,-0.08787914670033664,263.47,Property,Comprehensive,2023-08-29,0
827,51.501951899154896,-0.28321951062734546,1482.09,Vehicle,Standard,2023-11-22,0
828,51.502042980284436,0.08739551103775356,1382.31,Property,Comprehensive,2023-11-15,0
829,51.560625187216466,0.019485676661829876,1911.32,Property,Comprehensive,2023-11-27,1
830,51.51783269113347,-0.1828711853196141,1359.23,Property,Premium,2023-06-02,0
831,51.483690723441,0.09198813174354031,3349.99,Theft,Standard,2023-04-14,1
832,51.517865927419905,-0.05924736414547113,2016.73,Vehicle,Comprehensive,2023-03-16,1
833,51.47112855305697,-0.06703093671710139,1741.21,Vehicle,Standard,2023-05-08,1
834,51.47645804797594,-0.0007707282281871342,2622.63,Flood,Standard,2023-07-18,1
835,51.524755165910925,0.024707915236055034,1298.16,Vehicle,Standard,2023-06-03,0
836,51.51283881742568,-0.03740855706739893,1006.65,Property,Premium,2023-02-25,0
837,51.58722688516022,-0.24876170145351997,1469.83,Flood,Premium,2023-10-05,0
838,51.504359084867495,-0.16469299760220063,142.56,Property,Comprehensive,2023-12-11,0
839,51.53708825254171,0.07123345613041993,1301.3,Property,Comprehensive,2023-01-19,0
840,51.544839643187935,-0.21015375526245922,1083.37,Vehicle,Standard,2023-06-08,0
841,51.45196416848825,-0.15113319046499465,1588.43,Vehicle,Standard,2023-01-26,1
842,51.54953060580251,-0.12716924682232159,2383.98,Theft,Standard,2023-06-18,1
843,51.476705395030464,-0.12423800412221911,1777.46,Property,Standard,2023-01-23,1
844,51.59416054762042,-0.05482416700218978,637.35,Property,Comprehensive,2023-02-16,0
845,51.47229940916297,0.07723033509788307,2123.2,Vehicle,Comprehensive,2023-01-13,1
846,51.51219361855905,-0.20372291526699798,3382.27,Vehicle,Standard,2023-08-05,1
847,51.4628024502118,-0.2513994494796328,2426.27,Flood,Standard,2023-11-18,1
848,51.59953113777689,-0.22101180405602505,344.82,Vehicle,Standard,2023-07-13,0
849,51.525329251549685,0.054769960083707825,1764.15,Property,Comprehensive,2023-05-24,1
850,51.539307752598006,-0.04167567493791757,400.22,Vehicle,Premium,2023-03-14,0
851,51.46006147160827,-0.18563728430433593,929.05,Property,Comprehensive,2023-06-05,0
852,51.56249407055988,0.026378775587446945,1554.67,Flood,Premium,2023-03-18,1
853,51.48148583896434,0.044547998545374445,1409.0,Property,Comprehensive,2023-06-18,0
854,51.58470814341611,0.038605735476111236,2394.16,Vehicle,Standard,2023-10-14,1
855,51.480770946072305,0.06757061345582183,3393.17,Property,Standard,2023-03-26,1
856,51.47860315809955,-0.19910359193065535,1669.25,Theft,Premium,2023-07-01,1
857,51.455482450177215,0.0020167714985113716,872.11,Vehicle,Comprehensive,2023-11-11,0
858,51.5208100417665,-0.11578420109034399,152.05,Theft,Standard,2023-10-24,0
859,51.5347261699894,0.036799421156024636,2809.54,Property,Comprehensive,2023-04-22,1
860,51.45985629591426,-0.008603729135354676,1087.87,Theft,Comprehensive,2023-08-18,0
861,51.56632914250425,0.010578978599889877,1133.04,Property,Comprehensive,2023-04-06,0
862,51.51799332521221,-0.037535264927571366,1204.41,Vehicle,Premium,2023-06-17,0
863,51.52865854039914,-0.22902849221211724,1614.54,Vehicle,Comprehensive,2023-06-05,1
864,51.516114412040736,-0.08198923244122464,1648.98,Vehicle,Comprehensive,2023-04-15,1
865,51.5101144591313,0.09386789580980331,941.13,Flood,Standard,2023-07-12,0
866,51.53394604969623,0.07495522659884762,1079.39,Theft,Standard,2023-11-26,0
867,51.47328603688961,-0.28273050568119534,702.29,Property,Standard,2023-05-12,0
868,51.477289219574295,-0.23407407370822514,636.91,Vehicle,Standard,2023-12-21,0
869,51.57926784315203,-0.24730849061817523,634.17,Vehicle,Comprehensive,2023-05-18,0
870,51.591917319320046,-0.009608036005881782,1069.49,Theft,Comprehensive,2023-11-27,0
871,51.50599639744197,0.027114131942778064,529.49,Property,Standard,2023-09-27,0
872,51.490611700971535,-0.21459545347573122,18.1,Vehicle,Premium,2023-02-07,0
873,51.54659993148586,-0.09765892281926838,859.67,Property,Standard,2023-02-14,0
874,51.511310125664714,0.036281211204480024,367.64,Vehicle,Standard,2023-06-12,0
875,51.453807953349056,-0.006879382093499753,1268.36,Vehicle,Standard,2023-11-27,0
876,51.47342288960493,-0.08310511780326066,699.92,Property,Standard,2023-09-10,0
877,51.55739583432711,-0.06386092381649083,1629.07,Vehicle,Standard,2023-06-18,1
878,51.548838591286525,-0.096655781233488,403.51,Flood,Comprehensive,2023-10-12,0
879,51.45406439887552,-0.18098061947247174,191.66,Vehicle,Comprehensive,2023-10-01,0
880,51.48329582428995,-0.07399120285639355,1081.51,Vehicle,Premium,2023-01-20,0
881,51.48466121948821,-0.024445879179963714,829.69,Vehicle,Standard,2023-08-27,0
882,51.55078391153981,0.049329166344323105,335.29,Theft,Standard,2023-09-27,0
883,51.452956580663155,-0.04548345840830076,2017.86,Vehicle,Standard,2023-11-06,1
884,51.46561628729769,0.004448614817263219,475.12,Property,Comprehensive,2023-01-31,0
885,51.56998741280598,-0.23597134601817077,610.24,Vehicle,Standard,2023-11-10,0
886,51.476781699308155,-0.11537701023208402,2288.64,Vehicle,Premium,2023-04-14,1
887,51.54791191617778,-0.29626735206916266,1697.43,Vehicle,Comprehensive,2023-06-19,1
888,51.48572741715701,-0.20132845419135076,426.51,Theft,Comprehensive,2023-07-05,0
889,51.464916208913905,-0.009415313954798055,892.54,Theft,Comprehensive,2023-05-08,0
890,51.48647582864992,0.0967239805397454,384.91,Vehicle,Standard,2023-07-29,0
891,51.55834003977835,-0.26032876016511364,2174.99,Property,Standard,2023-10-08,1
892,51.57835447021594,-0.1394022736554847,2173.98,Flood,Standard,2023-09-10,1
893,51.57453297968505,0.020028387479663845,3724.17,Vehicle,Comprehensive,2023-01-19,1
894,51.50957752944277,-0.21838574614844045,4681.84,Theft,Standard,2023-07-19,1
895,51.5502127704856,-0.07796602027908547,692.79,Vehicle,Standard,2023-08-08,0
896,51.48074764431237,-0.006771481588130068,1936.54,Flood,Premium,2023-05-16,1
897,51.493972159539155,-0.05360581989592836,158.22,Theft,Standard,2023-08-11,0
898,51.58445037277817,-0.22479010615383355,1342.14,Flood,Premium,2023-01-03,0
899,51.45195028852661,-0.1578461725257042,1594.92,Property,Comprehensive,2023-08-24,1
900,51.462826279628175,0.013516713794158919,500.33,Vehicle,Standard,2023-12-08,0
901,51.48118293827191,-0.07830939434719333,655.58,Flood,Standard,2023-08-16,0
902,51.453979830581076,-0.29790815458283487,2184.18,Vehicle,Standard,2023-05-22,1
903,51.47721531526347,0.004396304011237584,1623.79,Vehicle,Comprehensive,2023-01-09,1
904,51.53745623414546,-0.28587545802390435,3414.98,Property,Comprehensive,2023-07-09,1
905,51.51321368258888,-0.001706486907507132,3155.58,Theft,Comprehensive,2023-12-16,1
906,51.58390075666155,-0.21900777593390502,218.64,Flood,Premium,2023-06-14,0
907,51.57261653426077,0.0832293920477521,754.01,Vehicle,Comprehensive,2023-05-19,0
908,51.50127260275468,-0.1528236994791662,451.72,Theft,Standard,2023-10-03,0
909,51.488913515014694,-0.16922735346476833,1993.83,Property,Standard,2023-10-18,1
910,51.50695386122509,-0.24044477986702212,1442.34,Vehicle,Premium,2023-02-22,0
911,51.538544241377224,-0.17775831380391405,482.28,Vehicle,Standard,2023-06-24,0
912,51.49020954612343,0.05066030473128025,556.51,Vehicle,Standard,2023-04-20,0
913,51.54362233617737,0.09853373505089896,2699.49,Vehicle,Comprehensive,2023-07-22,1
914,51.51141174782869,-0.15267618779726064,828.29,Flood,Comprehensive,2023-05-16,0
915,51.5328070771278,-0.12055574761818294,126.57,Property,Premium,2023-01-04,0
916,51.5154189793703,-0.011171624718905149,441.85,Property,Comprehensive,2023-06-04,0
917,51.49416986393129,0.05447831218602983,3886.74,Flood,Standard,2023-06-21,1
918,51.59226799604433,-0.06278226632528633,2334.44,Vehicle,Premium,2023-12-24,1
919,51.56454086912397,-0.14338972072886824,360.37,Theft,Standard,2023-02-16,0
920,51.47101697636497,-0.1349512636605505,1341.68,Vehicle,Standard,2023-04-04,0
921,51.58027019638469,-0.021752741401277254,2236.09,Theft,Comprehensive,2023-02-17,1
922,51.52311467973743,-0.2987126945582885,215.12,Vehicle,Standard,2023-08-28,0
923,51.58418283403412,-0.05216426501606369,2408.81,Flood,Comprehensive,2023-12-13,1
924,51.5699782883921,-0.15780279582345702,1612.64,Vehicle,Standard,2023-08-01,1
925,51.51378202567039,0.017678932510833745,621.62,Vehicle,Comprehensive,2023-12-06,0
926,51.45337039624802,-0.26280374407074714,1801.14,Theft,Standard,2023-11-20,1
927,51.490301603907746,-0.06471909322064379,1457.39,Vehicle,Comprehensive,2023-05-19,0
928,51.53124513219913,-0.10761084404555049,1531.41,Property,Premium,2023-07-24,1
929,51.54502173297392,-0.04306978963790903,1305.68,Vehicle,Standard,2023-03-14,0
930,51.488683152814986,-0.27405856220681263,537.85,Property,Standard,2023-01-04,0
931,51.470903411110925,-0.06800648502874745,634.14,Vehicle,Standard,2023-03-17,0
932,51.5752395355199,-0.0754061648161905,964.45,Vehicle,Standard,2023-11-25,0
933,51.59766032710554,-0.0757359622335316,1208.73,Vehicle,Comprehensive,2023-03-18,0
934,51.528853527345404,-0.05860493336141806,1877.23,Property,Comprehensive,2023-10-31,1
935,51.47575189287725,-0.029412825109455087,3947.12,Vehicle,Standard,2023-09-13,1
936,51.490846098977904,0.021995599872307925,1388.57,Vehicle,Standard,2023-04-12,0
937,51.452758601482124,-0.19207171194871425,1853.84,Vehicle,Standard,2023-04-16,1
938,51.58714482098408,0.030019764072024835,2158.21,Vehicle,Comprehensive,2023-11-29,1
939,51.467662662433526,-0.10069772709461852,1947.23,Property,Standard,2023-02-08,1
940,51.53647747132714,-0.2691766883462675,519.08,Theft,Premium,2023-11-10,0
941,51.49110828310308,-0.2765796283024083,2870.27,Vehicle,Comprehensive,2023-10-02,1
942,51.53312670037737,-0.16630467252157566,2575.87,Property,Standard,2023-03-29,1
943,51.54771305825278,0.013958790844587066,1292.29,Property,Comprehensive,2023-07-30,0
944,51.574461270556085,-0.016927626103633686,548.36,Vehicle,Premium,2023-03-18,0
945,51.48096319076409,0.01544598586896262,1194.02,Property,Comprehensive,2023-03-18,0
946,51.451649374298775,-0.09309237742335624,248.02,Vehicle,Standard,2023-01-28,0
947,51.47053284451032,-0.12392040081780376,3120.94,Property,Standard,2023-09-02,1
948,51.585002796277216,-0.24101898931748642,686.36,Vehicle,Premium,2023-03-07,0
949,51.581083511634375,-0.16872289855627537,925.25,Property,Comprehensive,2023-09-23,0
950,51.53961196532555,-0.12639225353044986,2975.43,Property,Comprehensive,2023-07-24,1
951,51.54007752906505,-0.2645598281281531,2742.95,Vehicle,Premium,2023-02-27,1
952,51.54975550118194,-0.21175521891551546,1499.57,Vehicle,Premium,2023-07-20,0
953,51.47630569179352,-0.06070988237450445,3431.96,Flood,Premium,2023-08-13,1
954,51.58716179188875,-0.005734754304324019,503.84,Vehicle,Standard,2023-05-22,0
955,51.512815578733814,0.09933900455717987,1500.14,Property,Comprehensive,2023-03-25,1
956,51.50747077923743,0.0732453325374231,507.76,Flood,Comprehensive,2023-05-23,0
957,51.527837655792425,-0.04297392018592339,2471.02,Property,Comprehensive,2023-12-18,1
958,51.45704489501626,-0.13150077868237117,2412.69,Property,Comprehensive,2023-02-02,1
959,51.474942505313415,-0.04552905411670688,3591.7,Theft,Standard,2023-06-01,1
960,51.56070504246396,0.014260647232092805,1166.38,Theft,Comprehensive,2023-06-07,0
961,51.46241980018877,-0.25266552363064504,4249.49,Property,Comprehensive,2023-05-21,1
962,51.54047281641996,-0.13603804412148468,468.92,Property,Standard,2023-09-08,0
963,51.4868023664522,0.03592091425424693,1118.63,Vehicle,Comprehensive,2023-10-30,0
964,51.5083943421063,-0.14646681922678237,485.08,Flood,Standard,2023-04-22,0
965,51.493304060515605,-0.07125109150912537,1353.04,Property,Standard,2023-05-24,0
966,51.503350907469745,-0.06489225565512069,525.54,Vehicle,Standard,2023-07-28,0
967,51.55785688577764,-0.22620949874654422,2475.58,Theft,Comprehensive,2023-08-12,1
968,51.49456825734348,-0.15510582333908463,1650.91,Property,Comprehensive,2023-02-12,1
969,51.534960696044536,-0.16619548450322713,431.85,Vehicle,Comprehensive,2023-09-21,0
970,51.52140756032987,-0.28952131658717406,2095.3,Property,Comprehensive,2023-09-01,1
971,51.5495506748044,-0.2903232944434579,3273.87,Vehicle,Premium,2023-01-03,1
972,51.59052446089871,0.03267881747030943,1766.15,Theft,Standard,2023-05-05,1
973,51.55988581458154,-0.19077167601087502,316.49,Vehicle,Standard,2023-09-25,0
974,51.48224105678862,-0.0927684935044738,1037.16,Theft,Premium,2023-03-25,0
975,51.4546774702592,-0.18050977056449075,1928.14,Property,Standard,2023-01-16,1
976,51.489339606644975,0.07627169804613626,960.81,Vehicle,Premium,2023-11-30,0
977,51.53926168960504,-0.19628129645369047,463.23,Flood,Premium,2023-02-28,0
978,51.45771387202264,-0.12813727490442595,2668.59,Property,Comprehensive,2023-06-26,1
979,51.524454937080186,0.04909210019384075,928.08,Vehicle,Premium,2023-03-04,0
980,51.539526427337535,0.03677342671672351,3275.2,Property,Standard,2023-02-18,1
981,51.50013658362255,-0.22555943286148905,757.42,Theft,Standard,2023-11-03,0
982,51.56563683056188,0.021057323918284188,884.91,Vehicle,Comprehensive,2023-09-03,0
983,51.46598973797007,-0.1167252453048429,708.11,Vehicle,Standard,2023-10-16,0
984,51.46127066726037,-0.10681245116585789,1023.3,Vehicle,Premium,2023-10-13,0
985,51.559228313430545,-0.24660801103362248,1631.62,Vehicle,Standard,2023-11-28,1
986,51.52432369743093,-0.26775939449715014,486.38,Theft,Comprehensive,2023-01-15,0
987,51.55326035946416,-0.008824277210493892,403.97,Property,Comprehensive,2023-12-04,0
988,51.51522410079056,-0.10141553905788009,209.67,Vehicle,Comprehensive,2023-09-12,0
989,51.48696030498587,-0.12525971895392815,180.48,Vehicle,Standard,2023-04-02,0
990,51.57286534765113,-0.008196708539041309,320.43,Vehicle,Standard,2023-10-06,0
991,51.56991238184535,0.00620515959644391,753.04,Flood,Premium,2023-07-25,0
992,51.554204470628164,-0.23643673293225856,1334.78,Vehicle,Standard,2023-04-04,0
993,51.490821770584496,-0.055909940208943465,1567.29,Flood,Premium,2023-08-13,1
994,51.53853460003037,-0.24585836708892578,1289.16,Property,Comprehensive,2023-10-28,0
995,51.504146084541006,0.0005500344116183276,3030.42,Vehicle,Comprehensive,2023-11-14,1
996,51.463737310999,-0.03721793749314417,3680.41,Theft,Comprehensive,2023-07-18,1
997,51.58759703631934,0.08264584843338324,931.63,Property,Standard,2023-09-28,0
998,51.470522794637844,-0.2724167934574315,494.07,Property,Comprehensive,2023-08-22,0
999,51.592535603073124,-0.2771781115394983,4420.77,Flood,Premium,2023-02-15,1
1000,51.5169008659437,-0.18712517012271992,2607.18,Vehicle,Comprehensive,2023-03-05,1
