claim_id,latitude,longitude,claim_amount,claim_type,policy_type,incident_date,high_risk_claim,high_claim
1,51.50618101782711,-0.2259468284645521,539.51,Vehicle,Standard,2023-02-26,0,0
2,51.59260714596149,-0.0832396210486567,567.6,Theft,Comprehensive,2023-10-25,0,0
3,51.559799091271714,0.0491783343505633,2202.33,Property,Standard,2023-04-08,1,1
4,51.53979877262956,-0.0071100454361754,580.95,Vehicle,Standard,2023-05-17,0,0
5,51.47340279606637,0.0226244591445799,1147.46,Property,Standard,2023-03-28,0,0
6,51.47339917805044,-0.036486653315713,613.31,Flood,Standard,2023-08-30,0,0
7,51.45871254182524,-0.023089374192859,61.06,Vehicle,Comprehensive,2023-07-18,0,0
8,51.57992642186624,0.0396782606261277,2161.81,Vehicle,Standard,2023-11-06,1,1
9,51.54016725176148,-0.2001327964563256,1228.26,Vehicle,Comprehensive,2023-03-25,0,0
10,51.55621088666941,-0.1042300145427437,1697.79,Vehicle,Comprehensive,2023-08-30,1,1
11,51.45308767414437,-0.211516223272159,247.68,Vehicle,Comprehensive,2023-10-08,0,0
12,51.5954864778243,0.0950672031986588,750.9,Property,Standard,2023-11-19,0,0
13,51.57486639612007,0.0776237358746453,2041.7,Vehicle,Comprehensive,2023-09-09,1,1
14,51.48185086660175,-0.2842292754525976,360.63,Flood,Standard,2023-07-09,0,0
15,51.47727374508107,-0.0177699309937245,1640.98,Theft,Comprehensive,2023-06-01,1,1
16,51.47751067647802,0.0700993269662663,1134.75,Property,Premium,2023-10-29,0,0
17,51.49563633644393,-0.2277698619490665,620.77,Theft,Comprehensive,2023-10-05,0,0
18,51.52871346474484,-0.0728219077789482,576.95,Vehicle,Comprehensive,2023-05-19,0,0
19,51.51479175279632,0.0661953190352167,468.4,Property,Comprehensive,2023-06-25,0,0
20,51.49368437102971,-0.2864216085656804,1223.3,Property,Standard,2023-01-08,0,0
21,51.54177793420836,-0.021031893101264,1333.49,Theft,Premium,2023-10-22,0,0
22,51.470924079097806,-0.1810603970509796,865.42,Theft,Premium,2023-08-23,0,0
23,51.49382169728028,0.0697584781506122,441.24,Vehicle,Standard,2023-06-12,0,0
24,51.50495427649405,0.0884232980661471,1607.32,Flood,Comprehensive,2023-02-18,1,1
25,51.51841049763256,0.0777065956453735,2189.04,Vehicle,Premium,2023-10-29,1,1
26,51.56777639420896,-0.1103143133370144,1820.41,Theft,Premium,2023-02-07,1,1
27,51.47995106732375,0.0448170603957254,4188.7,Flood,Comprehensive,2023-05-16,1,1
28,51.52713516576205,0.0378197594140282,1009.07,Vehicle,Comprehensive,2023-11-06,0,0
29,51.53886218532931,-0.1723598107026977,2902.4,Property,Standard,2023-08-07,1,1
30,51.456967561908,0.0315661896602709,674.86,Vehicle,Premium,2023-12-14,0,0
31,51.54113172778522,-0.2851969461138029,583.22,Vehicle,Standard,2023-10-23,0,0
32,51.47557861855309,-0.0614920486071787,1281.07,Property,Comprehensive,2023-02-03,0,0
33,51.45975773894779,-0.2079964650849187,3336.91,Property,Standard,2023-12-18,1,1
34,51.592332830588,-0.2517732456890884,922.33,Flood,Standard,2023-03-20,0,0
35,51.594844804961184,-0.2692187193483163,247.47,Property,Comprehensive,2023-08-24,0,0
36,51.571259602217474,-0.021484489648744,2160.53,Property,Premium,2023-09-30,1,1
37,51.495692065376005,-0.1640500144927735,1097.73,Theft,Standard,2023-06-10,0,0
38,51.46465081710096,-0.0100932913884954,1458.01,Flood,Comprehensive,2023-06-24,0,0
39,51.55263495397683,-0.273857463680423,610.62,Vehicle,Standard,2023-11-04,0,0
40,51.516022874060944,-0.1738838648677558,1272.05,Flood,Standard,2023-08-09,0,0
41,51.46830573522672,-0.084203483049865,289.83,Vehicle,Comprehensive,2023-01-09,0,0
42,51.524276536516695,0.0162892659355854,3810.4,Theft,Comprehensive,2023-10-16,1,1
43,51.45515827816728,-0.172498998827172,2440.19,Vehicle,Standard,2023-04-23,1,1
44,51.58639806031182,-0.0496434494251963,1229.07,Vehicle,Standard,2023-07-24,0,0
45,51.48881699724001,0.0543910992944748,2119.45,Vehicle,Standard,2023-07-05,1,1
46,51.5493783426531,-0.0536547247270781,676.38,Property,Standard,2023-12-07,0,0
47,51.49675666141341,-0.2068162100985464,2366.9,Vehicle,Premium,2023-07-16,1,1
48,51.52801020317667,-0.2902396873773847,889.53,Vehicle,Premium,2023-09-23,0,0
49,51.532006541901495,0.0480395495603719,838.59,Property,Standard,2023-09-19,0,0
50,51.47772816832883,-0.2914922356598451,498.89,Flood,Comprehensive,2023-09-05,0,0
51,51.59543769416469,0.0498806690736797,1592.87,Vehicle,Premium,2023-04-25,1,1
52,51.566269923504166,-0.0884251463891152,1188.69,Vehicle,Standard,2023-05-01,0,0
53,51.59092484123463,0.0756270794051585,2964.8,Vehicle,Premium,2023-05-21,1,1
54,51.58422410256415,0.0195132943094661,445.86,Vehicle,Premium,2023-03-06,0,0
55,51.53968499682166,0.099173644213335,1598.11,Theft,Standard,2023-10-03,1,1
56,51.58828113525347,-0.1597152738193159,2602.3,Theft,Standard,2023-11-09,1,1
57,51.46327387530779,0.0068753155724508,1351.3,Property,Premium,2023-08-27,0,0
58,51.47939742936288,-0.1392276345563031,875.73,Vehicle,Comprehensive,2023-10-29,0,0
59,51.45678409333658,-0.1080497518784364,1325.62,Theft,Standard,2023-01-10,0,0
60,51.49879954961449,-0.0489978147126519,2808.39,Property,Standard,2023-08-21,1,1
61,51.50830159345343,0.0494708456745355,2807.61,Theft,Comprehensive,2023-07-14,1,1
62,51.490702354766086,0.093633387679718,1063.19,Property,Comprehensive,2023-01-12,0,0
63,51.57431062637279,0.0073093655458073,2775.08,Theft,Comprehensive,2023-06-26,1,1
64,51.50351299900404,-0.1328932871330664,1146.12,Property,Premium,2023-06-26,0,0
65,51.49214017645311,-0.1314571990891719,2103.14,Vehicle,Standard,2023-08-05,1,1
66,51.53140441247374,-0.0049670793644434,1733.78,Flood,Comprehensive,2023-01-11,1,1
67,51.47113863374621,-0.204489141692679,847.24,Property,Comprehensive,2023-04-28,0,0
68,51.570329547113104,-0.2558103547474421,515.86,Property,Comprehensive,2023-06-13,0,0
69,51.46118259655197,-0.1581511369436893,2648.5,Vehicle,Standard,2023-02-08,1,1
70,51.59803304049008,-0.1851044033383673,3152.21,Property,Premium,2023-02-22,1,1
71,51.5658367153945,-0.1814767518176039,1570.87,Property,Premium,2023-08-06,1,1
72,51.479807352230125,-0.206556899580036,1144.94,Vehicle,Comprehensive,2023-07-25,0,0
73,51.45082831756854,-0.2831627241454552,392.62,Vehicle,Comprehensive,2023-11-08,0,0
74,51.57231921426823,-0.2928504261066345,2602.75,Property,Standard,2023-12-26,1,1
75,51.55602860157715,0.0950889558944126,1441.85,Theft,Comprehensive,2023-02-25,0,0
76,51.55935107520615,-0.128890746505655,947.99,Property,Comprehensive,2023-04-28,0,0
77,51.56569055200289,-0.1462693411361273,2144.48,Vehicle,Comprehensive,2023-09-10,1,1
78,51.46110669776012,-0.028141086922772,324.06,Property,Premium,2023-10-13,0,0
79,51.50376985928164,-0.2126984448539743,476.06,Vehicle,Comprehensive,2023-09-25,0,0
80,51.46738035892877,0.0799844735800901,655.12,Vehicle,Standard,2023-10-18,0,0
81,51.57946551388134,0.0145380057662208,1695.43,Vehicle,Comprehensive,2023-11-29,1,1
82,51.54349471902414,-0.2642355990750962,1336.6,Vehicle,Standard,2023-06-29,0,0
83,51.4996347037279,-0.1329676896860286,1839.4,Vehicle,Standard,2023-12-24,1,1
84,51.4595337525429,0.0516473230248659,2484.28,Vehicle,Standard,2023-08-23,1,1
85,51.49664734825736,0.0778928089165641,1886.13,Vehicle,Comprehensive,2023-12-09,1,1
86,51.498777498304015,-0.1130393955000521,3863.53,Vehicle,Comprehensive,2023-07-15,1,1
87,51.55944092675071,-0.0546354443157169,2480.36,Property,Comprehensive,2023-11-04,1,1
88,51.545633620703285,-0.2331864215631698,1061.23,Property,Comprehensive,2023-03-21,0,0
89,51.58308191138645,0.0964674504547906,746.68,Vehicle,Comprehensive,2023-05-15,0,0
90,51.5208322387743,-0.2073313194466226,1086.75,Theft,Standard,2023-01-22,0,0
91,51.46793913689075,0.0770927096540503,1932.41,Vehicle,Premium,2023-11-27,1,1
92,51.55698671808345,-0.0401413404030526,815.71,Property,Standard,2023-08-13,0,0
93,51.564117757292536,-0.0569052820484563,1969.79,Vehicle,Standard,2023-02-27,1,1
94,51.53419157963543,-0.0949245955933965,1815.81,Vehicle,Comprehensive,2023-04-03,1,1
95,51.56564507699319,-0.2077320753128965,509.05,Property,Standard,2023-07-11,0,0
96,51.52406933945466,-0.2293887871977966,2448.97,Property,Standard,2023-04-13,1,1
97,51.5284099244073,-0.2118055163719298,1531.05,Theft,Comprehensive,2023-01-07,1,1
98,51.51413115275378,-0.2254246951422981,3740.97,Property,Comprehensive,2023-05-08,1,1
99,51.453812869011614,0.0118337894267013,1149.21,Flood,Comprehensive,2023-02-24,0,0
100,51.466183714049,-0.1599498963333079,913.57,Vehicle,Premium,2023-08-19,0,0
101,51.454714377853016,-0.2768629293746414,450.02,Vehicle,Comprehensive,2023-12-28,0,0
102,51.54546156168957,0.0876410520563245,443.29,Vehicle,Premium,2023-03-03,0,0
103,51.497153397161455,0.0535143539853703,2253.41,Vehicle,Standard,2023-08-28,1,1
104,51.52628560367471,0.0711009132780852,3495.84,Property,Comprehensive,2023-03-31,1,1
105,51.58613497108892,0.0979631290585741,1074.8,Property,Premium,2023-08-20,0,0
106,51.487393834372334,-0.230441900312205,1020.66,Vehicle,Comprehensive,2023-08-21,0,0
107,51.51155743845535,-0.1415031924389364,1231.12,Flood,Comprehensive,2023-12-20,0,0
108,51.563332670781456,0.0032953902816365,2563.14,Theft,Standard,2023-11-29,1,1
109,51.48431972482375,-0.021591752778483,513.27,Vehicle,Standard,2023-10-19,0,0
110,51.461546986474325,-0.2384416374640579,1395.61,Vehicle,Comprehensive,2023-12-11,0,0
111,51.49346271793707,0.0263332499962471,2288.48,Vehicle,Standard,2023-06-01,1,1
112,51.4741831930881,-0.2102237712653357,1680.62,Vehicle,Premium,2023-05-25,1,1
113,51.58945464785139,-0.2104729540709507,32.14,Vehicle,Standard,2023-05-10,0,0
114,51.57121805693466,-0.0852102308426345,1892.74,Property,Premium,2023-05-21,1,1
115,51.545010563476566,-0.0628240260633187,1692.3,Vehicle,Premium,2023-04-03,1,1
116,51.58071908852816,-0.0679655168648755,2900.38,Vehicle,Standard,2023-04-24,1,1
117,51.57055081153487,-0.263405265040898,3314.38,Flood,Standard,2023-10-11,1,1
118,51.47798550883291,0.0509843450521521,2804.04,Property,Premium,2023-05-23,1,1
119,51.5838838497735,-0.1937599829645175,1236.17,Flood,Premium,2023-08-11,0,0
120,51.53090133628735,-0.2481940314868783,235.22,Vehicle,Comprehensive,2023-08-20,0,0
121,51.57111602327461,0.0554992319475909,1014.83,Vehicle,Standard,2023-02-02,0,0
122,51.58441369498853,0.0822605992919013,1206.52,Property,Comprehensive,2023-10-03,0,0
123,51.49770052124578,0.0448510469061803,3466.69,Vehicle,Comprehensive,2023-06-19,1,1
124,51.46650778867915,0.0238064298899512,616.11,Vehicle,Standard,2023-05-20,0,0
125,51.48419027438129,-0.0379032077443912,334.15,Property,Comprehensive,2023-12-23,0,0
126,51.51406616829394,-0.0796570517563442,820.12,Property,Standard,2023-07-20,0,0
127,51.57270221488837,-0.2652052960354359,646.13,Vehicle,Standard,2023-01-23,0,0
128,51.57910958748845,-0.1366187147717205,301.4,Property,Standard,2023-08-12,0,0
129,51.45104281957968,-0.1509245931950744,1093.16,Vehicle,Standard,2023-09-27,0,0
130,51.52661209538664,-0.1960984864958695,1242.76,Vehicle,Standard,2023-12-13,0,0
131,51.51261165047232,-0.010631954524566,283.01,Vehicle,Comprehensive,2023-06-02,0,0
132,51.48331617157061,-0.1016497059684916,908.95,Vehicle,Standard,2023-11-29,0,0
133,51.46797980510006,-0.2675815136369408,610.41,Vehicle,Standard,2023-03-26,0,0
134,51.50064227571055,-0.2119267192200754,1273.73,Flood,Standard,2023-04-19,0,0
135,51.59143645558688,-0.0266964945361616,1370.13,Property,Premium,2023-01-31,0,0
136,51.49848043980312,-0.2695476562038799,610.52,Property,Comprehensive,2023-08-17,0,0
137,51.52781859326151,0.0404827656195075,2434.22,Vehicle,Comprehensive,2023-08-28,1,1
138,51.55545284383428,-0.1019413891944102,1186.03,Vehicle,Comprehensive,2023-12-29,0,0
139,51.504544440356895,-0.1077653690693407,636.44,Vehicle,Premium,2023-11-06,0,0
140,51.59576731240814,-0.0630368861361929,263.72,Vehicle,Standard,2023-05-21,0,0
141,51.59436709424132,0.0298723863700596,1425.1,Vehicle,Comprehensive,2023-06-05,0,0
142,51.48776734437381,-0.1608763168391227,1689.43,Theft,Comprehensive,2023-10-26,1,1
143,51.52458727588386,-0.0287935389763745,782.31,Property,Comprehensive,2023-12-11,0,0
144,51.49513174647252,-0.0737072144016835,1304.41,Property,Standard,2023-04-09,0,0
145,51.49272607415662,-0.1931886919322314,3314.27,Property,Comprehensive,2023-02-16,1,1
146,51.455533042103184,0.0514519945420632,2179.3,Flood,Standard,2023-11-23,1,1
147,51.54143465009699,0.0189704086427712,102.4,Vehicle,Comprehensive,2023-03-08,0,0
148,51.52540185348433,-0.0366192661366298,629.98,Vehicle,Comprehensive,2023-03-03,0,0
149,51.4577218126875,0.0402326916376967,1052.02,Vehicle,Standard,2023-04-19,0,0
150,51.49179696963549,0.0469176803839209,1237.5,Theft,Premium,2023-06-16,0,0
151,51.586239882895,-0.016654809313986,1325.81,Flood,Standard,2023-02-06,0,0
152,51.485934283600045,0.0348053313454688,1613.35,Vehicle,Premium,2023-04-29,1,1
153,51.47173423081369,-0.0210114153322865,1079.82,Theft,Comprehensive,2023-03-27,0,0
154,51.52341791404164,-0.0279436912958798,1183.78,Theft,Standard,2023-02-21,0,0
155,51.59784756811659,-0.0525554487139262,2257.38,Vehicle,Standard,2023-04-01,1,1
156,51.486308290726726,0.0010866558230565,1445.85,Vehicle,Premium,2023-10-16,0,0
157,51.55082033211088,-0.2365579578827705,408.27,Vehicle,Standard,2023-12-03,0,0
158,51.56424294229931,0.0523483036795713,1267.55,Flood,Standard,2023-10-25,0,0
159,51.485645631598864,0.0487374110980928,1054.32,Vehicle,Standard,2023-07-23,0,0
160,51.55923245229178,-0.2883010867861763,158.53,Theft,Comprehensive,2023-08-26,0,0
161,51.50516746990789,0.0303267002259051,1317.17,Vehicle,Comprehensive,2023-06-04,0,0
162,51.54484587458904,-0.2484520530106219,462.59,Property,Standard,2023-08-28,0,0
163,51.54502945661414,-0.1659524582963432,2280.36,Vehicle,Standard,2023-05-16,1,1
164,51.53036620261122,-0.0025966974833568,1596.87,Property,Standard,2023-12-28,1,1
165,51.46354346550817,-0.2356960415806767,386.27,Theft,Standard,2023-03-05,0,0
166,51.57529537433839,0.0271868096476249,2210.03,Theft,Comprehensive,2023-05-03,1,1
167,51.49811700974576,0.0328536711830967,2931.68,Theft,Comprehensive,2023-09-11,1,1
168,51.47797777655998,-0.0970129064956654,954.98,Vehicle,Standard,2023-04-24,0,0
169,51.45611627123322,-0.2974456513132665,1049.45,Property,Standard,2023-01-20,0,0
170,51.53863394147824,-0.1851847467300348,2063.49,Vehicle,Standard,2023-01-16,1,1
171,51.55163465427634,-0.053229232649703,2786.93,Vehicle,Premium,2023-05-25,1,1
172,51.45248817433918,0.0924744712109694,216.91,Property,Premium,2023-07-27,0,0
173,51.526813958744896,-0.0472745891933326,432.4,Vehicle,Premium,2023-01-19,0,0
174,51.483974366279696,-0.196078567574336,833.4,Property,Standard,2023-06-15,0,0
175,51.54677591856142,-0.0463977187601554,909.85,Flood,Standard,2023-02-07,0,0
176,51.47615496435075,-0.0840058481136578,2022.6,Vehicle,Standard,2023-06-30,1,1
177,51.553640660715374,0.0119381580604574,2796.58,Property,Standard,2023-12-15,1,1
178,51.508010301945085,-0.2572077444692166,2937.06,Vehicle,Comprehensive,2023-04-15,1,1
179,51.59050949831051,0.0044111610008112,210.8,Vehicle,Comprehensive,2023-04-10,0,0
180,51.4706281416219,-0.0834933685295558,579.43,Vehicle,Premium,2023-03-31,0,0
181,51.50115995265754,0.0851968015435978,708.99,Flood,Premium,2023-10-27,0,0
182,51.46702102818609,-0.1632511335845255,577.31,Theft,Standard,2023-11-28,0,0
183,51.58870404274179,-0.0469512427464207,1593.38,Flood,Comprehensive,2023-03-20,1,1
184,51.58160090300715,0.072811242204007,1733.25,Flood,Standard,2023-03-14,1,1
185,51.48869124415727,-0.2589961088037282,1172.48,Vehicle,Standard,2023-06-25,0,0
186,51.548997606905125,0.0748913948945804,1088.62,Vehicle,Comprehensive,2023-04-06,0,0
187,51.57258333003018,-0.0248457110796746,863.22,Property,Standard,2023-12-11,0,0
188,51.53328012173992,-0.2728651763579312,948.07,Property,Comprehensive,2023-04-13,0,0
189,51.529447586753406,-0.1796145732212735,3289.73,Vehicle,Standard,2023-08-12,1,1
190,51.48627784363507,-0.0167311645418873,1916.64,Vehicle,Comprehensive,2023-01-06,1,1
191,51.46396541517089,-0.2730597594124913,890.25,Property,Comprehensive,2023-05-02,0,0
192,51.584582363693,-0.0671318159294906,1072.36,Property,Standard,2023-08-24,0,0
193,51.585062708574505,-0.1616467772188173,1619.84,Vehicle,Premium,2023-04-26,1,1
194,51.544965218591,-0.0516337928930091,386.15,Property,Standard,2023-06-12,0,0
195,51.50085446865731,-0.2817031864749948,1300.67,Property,Comprehensive,2023-08-14,0,0
196,51.502381436191904,0.0486147224609505,1843.48,Property,Comprehensive,2023-08-18,1,1
197,51.55889335183054,0.0893955876709587,1680.33,Vehicle,Comprehensive,2023-07-01,1,1
198,51.58456653899289,0.0875511421142766,589.74,Property,Premium,2023-09-06,0,0
199,51.58306296363977,-0.00013926730283,690.74,Vehicle,Standard,2023-11-14,0,0
200,51.56698133187864,-0.2479655039477472,136.37,Vehicle,Comprehensive,2023-07-29,0,0
201,51.54630474692315,0.003305278371609,1981.47,Theft,Comprehensive,2023-05-24,1,1
202,51.46262099474926,-0.2901652334164794,4223.94,Property,Premium,2023-12-11,1,1
203,51.4742443071142,-0.2911505793884011,517.45,Vehicle,Standard,2023-04-06,0,0
204,51.58478312827906,-0.1705559123401835,2471.23,Property,Comprehensive,2023-12-12,1,1
205,51.54096435894894,-0.1045427238381336,3982.11,Property,Comprehensive,2023-09-01,1,1
206,51.4513795577425,0.0081629671231173,794.66,Theft,Standard,2023-03-27,0,0
207,51.46522073142991,-0.0266818493573979,1073.52,Property,Comprehensive,2023-07-03,0,0
208,51.54952526536621,-0.1216389174493006,1411.32,Property,Standard,2023-05-01,0,0
209,51.45075923757694,-0.1905493334873336,1642.41,Property,Comprehensive,2023-11-28,1,1
210,51.47412120771263,0.0988498000630844,1467.78,Vehicle,Premium,2023-04-02,0,0
211,51.53231006840499,-0.1295274791056108,847.32,Vehicle,Comprehensive,2023-03-11,0,0
212,51.553784279653904,-0.1194451902681297,1823.35,Vehicle,Comprehensive,2023-05-13,1,1
213,51.547794188925394,-0.2345504715233323,863.51,Property,Comprehensive,2023-10-06,0,0
214,51.48364039641909,0.0179238194999717,1541.71,Property,Standard,2023-05-17,1,1
215,51.556826883202135,-0.0225271096874045,1140.42,Vehicle,Standard,2023-11-10,0,0
216,51.48558736312452,-0.2116921548844958,185.97,Vehicle,Comprehensive,2023-07-06,0,0
217,51.498809954723896,-0.2670475817536629,2718.99,Property,Standard,2023-08-09,1,1
218,51.5619737107677,-0.0278002791701147,706.92,Vehicle,Standard,2023-02-15,0,0
219,51.54744493485708,-0.0381955142875458,2901.67,Property,Comprehensive,2023-10-05,1,1
220,51.577383511574126,-0.1906961892007162,2404.9,Vehicle,Standard,2023-07-11,1,1
221,51.548641933845055,0.0803454249001641,1380.26,Property,Standard,2023-01-08,0,0
222,51.535246290500325,-0.2395768432876399,1703.81,Flood,Comprehensive,2023-10-03,1,1
223,51.464051215174216,-0.1270660795829592,1852.28,Vehicle,Standard,2023-06-28,1,1
224,51.50515737045892,0.0774463680670395,997.26,Property,Premium,2023-11-30,0,0
225,51.48978035515226,-0.132109073229551,1035.23,Vehicle,Premium,2023-02-08,0,0
226,51.48659844650687,-0.0445896209343657,1789.47,Property,Comprehensive,2023-10-20,1,1
227,51.59595158321287,-0.1409622408148822,1149.84,Property,Standard,2023-06-27,0,0
228,51.508964658700016,-0.1903139190605319,849.61,Vehicle,Comprehensive,2023-06-11,0,0
229,51.58380698327657,0.0935910591839313,598.33,Property,Premium,2023-11-27,0,0
230,51.54467079389959,-0.1362663974739827,1574.53,Theft,Comprehensive,2023-04-14,1,1
231,51.56922169553125,0.0576396814716538,687.01,Vehicle,Standard,2023-06-10,0,0
232,51.52539556396578,-0.2080181576435655,2132.42,Vehicle,Comprehensive,2023-10-14,1,1
233,51.53653558269396,-0.2147581183899666,2257.36,Theft,Premium,2023-05-03,1,1
234,51.523877654072834,-0.2875463668461954,1694.48,Property,Comprehensive,2023-02-23,1,1
235,51.47928644816971,-0.0393332698496459,1952.27,Theft,Comprehensive,2023-02-03,1,1
236,51.55836781728923,-0.1525894625104955,1698.07,Property,Comprehensive,2023-08-30,1,1
237,51.49211585436613,0.0457432999358548,2049.78,Theft,Comprehensive,2023-04-23,1,1
238,51.45364739496472,-0.1107160373233771,1989.69,Vehicle,Standard,2023-11-14,1,1
239,51.54682084438608,0.0872773711658887,1513.96,Property,Comprehensive,2023-01-23,1,1
240,51.47656660191106,-0.2257897937187515,2425.59,Flood,Standard,2023-02-15,1,1
241,51.59106878765294,0.0474492671822443,1025.42,Property,Comprehensive,2023-11-08,0,0
242,51.59308928655039,0.0106387411166967,614.67,Vehicle,Standard,2023-05-15,0,0
243,51.58722965853307,0.0083687378576208,587.08,Vehicle,Comprehensive,2023-04-28,0,0
244,51.50552380503832,0.037913291246755,909.91,Vehicle,Standard,2023-07-08,0,0
245,51.452318492479336,0.0044095963771995,155.74,Vehicle,Comprehensive,2023-05-11,0,0
246,51.58924778438816,-0.0495118713474338,1370.23,Vehicle,Comprehensive,2023-07-31,0,0
247,51.5142276222476,-0.2475020489270449,1869.59,Property,Standard,2023-04-23,1,1
248,51.59499822285655,-0.2869895282034992,2235.6,Property,Standard,2023-02-13,1,1
249,51.59454299656339,0.0683391391262747,233.48,Vehicle,Standard,2023-05-08,0,0
250,51.5779514183201,-0.0533398741917047,604.23,Property,Premium,2023-12-30,0,0
251,51.49416733381044,0.0186149163904705,2088.26,Vehicle,Comprehensive,2023-06-07,1,1
252,51.50776465929029,-0.1073910593949799,1000.13,Vehicle,Comprehensive,2023-09-30,0,0
253,51.57767050072753,-0.2530767244150422,1840.25,Vehicle,Standard,2023-11-11,1,1
254,51.49753830077344,-0.2499256831189798,366.88,Property,Comprehensive,2023-12-21,0,0
255,51.47542391200292,-0.0257738851084114,2878.87,Vehicle,Premium,2023-12-06,1,1
256,51.53352018936875,-0.1278776420402149,338.57,Vehicle,Premium,2023-02-14,0,0
257,51.59042321612412,-0.2197901093198653,1340.82,Vehicle,Comprehensive,2023-04-18,0,0
258,51.55440446950125,-0.1033621813034252,1366.58,Theft,Standard,2023-08-07,0,0
259,51.53550917551341,-0.2743164251699463,776.39,Vehicle,Standard,2023-11-14,0,0
260,51.464576474065616,-0.0672114392342404,1652.27,Property,Standard,2023-11-11,1,1
261,51.54225108400488,-0.1924026382259609,1685.67,Property,Standard,2023-06-26,1,1
262,51.59850807751564,0.0190236402548752,1558.44,Theft,Standard,2023-08-16,1,1
263,51.47101260228549,-0.1758552164305704,764.51,Flood,Standard,2023-07-10,0,0
264,51.52774944785456,-0.1179119403672795,644.74,Vehicle,Standard,2023-06-09,0,0
265,51.5816059607892,-0.2953517840367597,834.51,Vehicle,Premium,2023-09-24,0,0
266,51.56111529266313,-0.2710212448821764,570.1,Theft,Comprehensive,2023-12-24,0,0
267,51.55455236114929,-0.143002577437326,2501.26,Property,Premium,2023-11-22,1,1
268,51.55537261259807,-0.1080244661131505,894.73,Property,Comprehensive,2023-07-09,0,0
269,51.503923672682966,-0.0599917807522784,1312.61,Property,Standard,2023-06-24,0,0
270,51.49403877663968,-0.1833349685162786,2082.44,Property,Comprehensive,2023-10-17,1,1
271,51.57140417332178,-0.0220072455493829,545.4,Flood,Standard,2023-12-23,0,0
272,51.57151700920188,0.0440489588756818,324.1,Flood,Comprehensive,2023-05-25,0,0
273,51.58006084778702,0.0119403955573399,571.87,Property,Standard,2023-08-20,0,0
274,51.58698608288347,-0.2841524698606571,1420.39,Vehicle,Premium,2023-12-26,0,0
275,51.52670135982914,-0.1077972210968684,1350.5,Theft,Standard,2023-07-23,0,0
276,51.52522744420308,-0.25802792863273,1556.3,Vehicle,Standard,2023-08-01,1,1
277,51.56974427684501,-0.203181993654989,1075.85,Vehicle,Premium,2023-02-09,0,0
278,51.54749458961667,0.0946650373068586,59.24,Theft,Standard,2023-10-02,0,0
279,51.555295031588656,-0.2430017828393947,1049.48,Vehicle,Comprehensive,2023-11-19,0,0
280,51.56936890041542,-0.1004447386194575,2274.63,Vehicle,Comprehensive,2023-03-23,1,1
281,51.58350080127264,-0.0527377062727523,2678.22,Vehicle,Premium,2023-06-30,1,1
282,51.50069927352773,-0.0190140117823583,1248.63,Theft,Premium,2023-11-16,0,0
283,51.50633744289599,-0.0761405266052343,1354.22,Property,Premium,2023-03-24,0,0
284,51.464097290976135,-0.2960916610323265,1816.3,Property,Standard,2023-10-30,1,1
285,51.53674202114943,-0.1694154767024032,2627.83,Vehicle,Premium,2023-09-19,1,1
286,51.45539134106952,-0.0929153426461154,1167.14,Theft,Comprehensive,2023-09-29,0,0
287,51.51983970271987,-0.2648534003420666,1798.68,Theft,Comprehensive,2023-07-19,1,1
288,51.53139669520614,-0.1597492275163276,736.52,Vehicle,Standard,2023-08-28,0,0
289,51.49298118781925,-0.2867187564834533,374.68,Vehicle,Comprehensive,2023-06-29,0,0
290,51.53862498908536,-0.2685686011379917,803.13,Vehicle,Premium,2023-06-20,0,0
291,51.45457503749086,-0.1412306895193615,3033.05,Flood,Premium,2023-10-22,1,1
292,51.45560222831239,-0.2469136983827758,1824.12,Property,Comprehensive,2023-06-26,1,1
293,51.57339008409895,-0.0729836606953767,410.47,Flood,Standard,2023-08-25,0,0
294,51.50402859621169,-0.0242140123450936,1883.52,Vehicle,Standard,2023-05-18,1,1
295,51.469059076897786,0.0202346796436331,441.38,Theft,Premium,2023-11-23,0,0
296,51.52833648900823,-0.2199399023020759,1540.96,Theft,Comprehensive,2023-11-07,1,1
297,51.5654990329648,-0.2330069670963721,526.61,Property,Comprehensive,2023-05-09,0,0
298,51.48237315412453,-0.2581728638662399,388.11,Flood,Standard,2023-02-18,0,0
299,51.54343357137285,-0.0454279001825452,3369.78,Vehicle,Comprehensive,2023-06-13,1,1
300,51.46280211974907,-0.0174097094052395,894.18,Vehicle,Comprehensive,2023-10-04,0,0
301,51.4577522581753,-0.2873655420697432,1801.07,Property,Premium,2023-10-20,1,1
302,51.52970319473523,0.0744848984974759,1204.04,Property,Comprehensive,2023-04-26,0,0
303,51.53109526824152,-0.279211486539411,475.13,Property,Standard,2023-01-24,0,0
304,51.54561448522473,-0.0834814658795717,972.04,Vehicle,Comprehensive,2023-11-07,0,0
305,51.558913700058405,-0.0163757922196334,479.04,Property,Standard,2023-01-25,0,0
306,51.59637781191938,0.0483876494984342,4987.12,Vehicle,Premium,2023-05-07,1,1
307,51.527445052245184,-0.0143652271470288,2029.05,Vehicle,Standard,2023-08-22,1,1
308,51.49844347094119,0.0206912332279167,1187.09,Property,Comprehensive,2023-07-28,0,0
309,51.56927792921531,-0.1642199229828775,1734.23,Property,Standard,2023-04-03,1,1
310,51.49062483768931,0.0259300454986049,1939.92,Vehicle,Comprehensive,2023-04-04,1,1
311,51.51584571310585,-0.2679540614461299,1943.48,Vehicle,Comprehensive,2023-11-23,1,1
312,51.46176845720135,0.057926662424211,1886.49,Vehicle,Comprehensive,2023-08-13,1,1
313,51.45380261151232,-0.0809630495385054,1787.37,Vehicle,Standard,2023-10-07,1,1
314,51.59439726220169,0.0269191079849975,1261.16,Theft,Standard,2023-01-11,0,0
315,51.57539701807684,-0.1190726861926799,3201.03,Flood,Standard,2023-11-25,1,1
316,51.55439613091406,-0.04256892192139,1321.98,Vehicle,Comprehensive,2023-01-12,0,0
317,51.51134294166214,-0.0894389356255546,1213.26,Theft,Standard,2023-02-04,0,0
318,51.47599414801063,-0.0073641912978672,1330.43,Theft,Comprehensive,2023-08-16,0,0
319,51.47346555640067,-0.2673480071877641,1401.3,Theft,Premium,2023-08-08,0,0
320,51.48753643472469,-0.2758591664037744,235.55,Vehicle,Premium,2023-05-21,0,0
321,51.53238399970592,-0.2011587063959414,566.7,Flood,Comprehensive,2023-01-23,0,0
322,51.55718938840501,-0.2361821279547246,1075.82,Vehicle,Comprehensive,2023-03-24,0,0
323,51.54902960650766,0.0487134266368807,222.64,Vehicle,Standard,2023-08-17,0,0
324,51.4919900845419,-0.2123144050567822,1185.64,Vehicle,Comprehensive,2023-12-10,0,0
325,51.59322979209948,0.0903461023276525,1387.82,Property,Premium,2023-03-21,0,0
326,51.560684537504365,-0.1652416832915572,358.21,Vehicle,Standard,2023-12-19,0,0
327,51.53315310787672,-0.2271528337245202,693.6,Vehicle,Comprehensive,2023-10-17,0,0
328,51.54175811193515,0.0158794028569916,2750.44,Vehicle,Premium,2023-11-27,1,1
329,51.51294000936417,-0.0365168897996495,1746.7,Theft,Premium,2023-06-08,1,1
330,51.48715964842518,-0.1007217134187443,1677.31,Theft,Standard,2023-05-08,1,1
331,51.50339590179769,-0.0778545796249474,2530.1,Vehicle,Comprehensive,2023-07-09,1,1
332,51.563676916569655,-0.0123192886910944,576.61,Theft,Standard,2023-01-31,0,0
333,51.45215902329446,-0.2086181034674805,359.27,Theft,Standard,2023-12-25,0,0
334,51.46741089607604,0.0985335664226967,2305.71,Theft,Premium,2023-01-15,1,1
335,51.45690039630327,0.0899172648587132,1099.37,Vehicle,Premium,2023-11-09,0,0
336,51.45610932034785,-0.0398697254612252,563.0,Property,Comprehensive,2023-03-16,0,0
337,51.578319087601656,-0.2201830196283419,233.45,Flood,Standard,2023-02-03,0,0
338,51.55554867890701,-0.0279087030274834,1341.71,Property,Premium,2023-12-25,0,0
339,51.5211260743631,-0.2711206364083297,1003.22,Vehicle,Comprehensive,2023-07-15,0,0
340,51.46467512409765,-0.2877389991176776,872.54,Property,Standard,2023-11-27,0,0
341,51.523742381267525,-0.1969268445955145,92.05,Property,Comprehensive,2023-01-29,0,0
342,51.52102076561709,-0.1149508173042734,3173.5,Property,Standard,2023-07-13,1,1
343,51.4759802804865,0.0473090021633522,294.98,Vehicle,Comprehensive,2023-01-16,0,0
344,51.515077747385696,-0.0091323720934767,941.9,Vehicle,Comprehensive,2023-03-18,0,0
345,51.50977571015961,-0.0029173915200075,820.16,Theft,Standard,2023-10-20,0,0
346,51.54237751470784,-0.1298026662207698,1783.46,Theft,Standard,2023-03-22,1,1
347,51.54526404763015,-0.1616260029812148,236.41,Vehicle,Standard,2023-05-04,0,0
348,51.45679560146581,-0.1515844948061589,1636.15,Flood,Standard,2023-01-19,1,1
349,51.506191892193975,0.0950598254944231,1346.64,Vehicle,Comprehensive,2023-04-12,0,0
350,51.54387898735714,-0.283956323435007,664.86,Property,Premium,2023-03-18,0,0
351,51.52547043878702,0.0468125984489794,1595.41,Theft,Standard,2023-08-17,1,1
352,51.57847347617825,-0.0685298365710426,1184.06,Theft,Standard,2023-10-24,0,0
353,51.548804044742845,-0.1245538323241637,3674.88,Flood,Comprehensive,2023-07-22,1,1
354,51.474440164062216,-0.0098969358339453,1002.51,Vehicle,Premium,2023-03-02,0,0
355,51.46058531211007,-0.1053324234301188,498.22,Theft,Standard,2023-01-26,0,0
356,51.54636289173095,0.0493692952326642,1647.77,Vehicle,Standard,2023-03-12,1,1
357,51.45397669658124,0.0602807456045034,906.01,Property,Comprehensive,2023-04-13,0,0
358,51.53786633719102,-0.1313116292506178,1166.03,Property,Standard,2023-11-22,0,0
359,51.59103453621375,-0.1892688811059793,362.24,Property,Standard,2023-12-29,0,0
360,51.536321126681386,-0.063059868562655,1802.67,Vehicle,Comprehensive,2023-06-06,1,1
361,51.50822548893098,0.0649453382466764,791.36,Theft,Comprehensive,2023-12-29,0,0
362,51.54649323276635,-0.2157351243977333,1423.81,Vehicle,Comprehensive,2023-12-25,0,0
363,51.51873793357373,-0.0508133665746068,4278.81,Vehicle,Comprehensive,2023-07-13,1,1
364,51.53184251839739,-0.0473759119629917,957.37,Property,Comprehensive,2023-10-02,0,0
365,51.59121972131648,-0.0067547910338875,1976.69,Property,Standard,2023-11-20,1,1
366,51.50791539567012,-0.247372925949096,1010.44,Theft,Standard,2023-07-05,0,0
367,51.59417858457359,-0.0136700141271645,672.72,Vehicle,Standard,2023-11-22,0,0
368,51.58580259629341,0.0636130082662564,2814.41,Vehicle,Standard,2023-04-23,1,1
369,51.4793686702184,-0.2281267564519032,162.21,Theft,Comprehensive,2023-11-09,0,0
370,51.46040419513128,-0.2049826700304489,2334.54,Property,Premium,2023-06-14,1,1
371,51.465116700206615,0.0885580376166558,138.37,Vehicle,Premium,2023-03-02,0,0
372,51.45273327384773,-0.227609218916204,2173.49,Property,Comprehensive,2023-04-02,1,1
373,51.4641664441134,0.0417540373478316,1179.61,Property,Standard,2023-10-13,0,0
374,51.552451016012455,-0.103088857420786,499.5,Property,Standard,2023-06-02,0,0
375,51.46067829726904,-0.2011075702387291,836.13,Property,Premium,2023-08-13,0,0
376,51.49784634454407,0.0482999605090045,1903.29,Theft,Comprehensive,2023-05-07,1,1
377,51.57673129664542,-0.1218778979989337,4019.29,Theft,Comprehensive,2023-07-12,1,1
378,51.45349079036038,-0.0940730584281239,247.14,Property,Comprehensive,2023-04-25,0,0
379,51.57217027238834,-0.1563066522400937,528.35,Vehicle,Comprehensive,2023-09-19,0,0
380,51.492278216216015,-0.062819659426029,330.13,Theft,Premium,2023-01-18,0,0
381,51.46772472414325,-0.2345904509659908,1003.97,Property,Standard,2023-01-10,0,0
382,51.554510574804624,-0.1435673853392957,2213.48,Property,Comprehensive,2023-04-02,1,1
383,51.54434142701698,0.087764928934115,285.25,Vehicle,Premium,2023-05-19,0,0
384,51.58162080202906,-0.1967466269195489,1155.78,Theft,Standard,2023-11-29,0,0
385,51.56026065657058,-0.037305334183483,2165.69,Property,Comprehensive,2023-12-23,1,1
386,51.57052213955773,-0.169923974310122,826.24,Vehicle,Standard,2023-12-06,0,0
387,51.4923051858857,0.0093892502746402,1355.85,Vehicle,Premium,2023-02-21,0,0
388,51.47661593156696,-0.24765053571266,2677.67,Theft,Standard,2023-07-14,1,1
389,51.56259221274613,0.0879284180314179,441.76,Vehicle,Comprehensive,2023-07-25,0,0
390,51.57102521089009,-0.1184841834465442,184.5,Flood,Standard,2023-10-14,0,0
391,51.598575771300105,-0.2055798146614144,1480.03,Property,Comprehensive,2023-04-03,0,0
392,51.51189265153672,-0.2706013010679949,1509.91,Property,Standard,2023-11-05,1,1
393,51.50580271286892,-0.2320968379649837,779.43,Vehicle,Standard,2023-05-25,0,0
394,51.5664619441113,-0.0920904205775929,656.37,Vehicle,Comprehensive,2023-03-27,0,0
395,51.50112053103796,-0.1651987294274854,1197.8,Flood,Premium,2023-06-02,0,0
396,51.589613598840536,0.0315533463530438,434.14,Vehicle,Standard,2023-01-02,0,0
397,51.57876191277645,-0.1276449905352776,434.81,Theft,Standard,2023-12-08,0,0
398,51.51434910410625,-0.200514290964948,1894.61,Vehicle,Comprehensive,2023-09-17,1,1
399,51.56263066016873,-0.0531420053583879,406.0,Vehicle,Comprehensive,2023-06-13,0,0
400,51.5631814311127,-0.0172891132458216,198.8,Vehicle,Premium,2023-01-06,0,0
401,51.46546858032539,-0.23318323683962,655.23,Property,Standard,2023-05-29,0,0
402,51.585382936001935,-0.2329523134846729,795.3,Flood,Comprehensive,2023-07-24,0,0
403,51.52578785586718,-0.2853314292265828,1636.03,Vehicle,Standard,2023-04-28,1,1
404,51.573968619916165,-0.0054391939737437,705.72,Vehicle,Standard,2023-03-30,0,0
405,51.4980074401546,-0.0344781889512779,2981.91,Vehicle,Comprehensive,2023-06-03,1,1
406,51.58432848427443,-0.1101476497000744,1245.48,Property,Comprehensive,2023-06-16,0,0
407,51.50838025181013,0.0376681795876788,578.07,Vehicle,Comprehensive,2023-06-10,0,0
408,51.45162564772205,0.0222680611800212,1587.09,Theft,Standard,2023-09-27,1,1
409,51.58580729646289,-0.0658582542412991,2946.96,Property,Comprehensive,2023-02-25,1,1
410,51.463693001517925,0.0473085122053034,1858.72,Property,Comprehensive,2023-08-16,1,1
411,51.49789704563857,-0.2176635159852926,267.3,Vehicle,Premium,2023-12-03,0,0
412,51.59250929505762,-0.2552321522409088,852.94,Flood,Standard,2023-05-29,0,0
413,51.59259107204063,-0.1921001553932041,1407.69,Vehicle,Standard,2023-02-15,0,0
414,51.536015683218494,-0.277165257564274,1805.34,Vehicle,Standard,2023-05-24,1,1
415,51.54477558182547,-0.0875321887995871,1008.82,Property,Comprehensive,2023-08-26,0,0
416,51.51726682829675,0.0746422769179846,900.21,Property,Standard,2023-09-29,0,0
417,51.49398161575471,-0.2842625837325961,3657.16,Vehicle,Premium,2023-04-30,1,1
418,51.49929968180549,-0.2511560343959892,1877.86,Vehicle,Standard,2023-12-06,1,1
419,51.55087776841156,-0.1191203886866258,1590.63,Theft,Premium,2023-08-08,1,1
420,51.56285617941565,0.0735500070111619,731.37,Vehicle,Standard,2023-01-08,0,0
421,51.56873685655888,-0.1735375580092998,428.13,Theft,Comprehensive,2023-12-10,0,0
422,51.56844272141918,-0.097106076524643,1610.62,Property,Premium,2023-10-02,1,1
423,51.4636809154573,-0.2833708563798431,2021.65,Vehicle,Standard,2023-12-19,1,1
424,51.524163045705386,-0.2406627196151644,1161.62,Property,Premium,2023-03-07,0,0
425,51.458633814002496,0.0946520491835388,1881.36,Vehicle,Comprehensive,2023-03-20,1,1
426,51.53242933234856,0.0860474785744182,1914.86,Theft,Premium,2023-03-27,1,1
427,51.51622957520601,-0.2980240076262361,2114.52,Property,Comprehensive,2023-05-04,1,1
428,51.58315562741375,0.0807247141692956,262.33,Vehicle,Standard,2023-07-21,0,0
429,51.50263725188282,-0.0443520248737998,872.85,Property,Standard,2023-05-30,0,0
430,51.467560052464144,0.0471673178080088,1680.13,Flood,Standard,2023-02-15,1,1
431,51.47144875230793,-0.1181040577464563,1212.23,Vehicle,Standard,2023-04-23,0,0
432,51.56422659475762,-0.0937615885682998,1919.0,Flood,Standard,2023-04-01,1,1
433,51.54273270949744,-0.1044613678972319,1589.95,Vehicle,Standard,2023-05-21,1,1
434,51.46516840141842,-0.0332542969815582,102.12,Vehicle,Comprehensive,2023-10-16,0,0
435,51.46261602091725,-0.2441394980974748,2465.56,Vehicle,Comprehensive,2023-08-06,1,1
436,51.55514536971887,-0.2880105640509288,785.24,Vehicle,Standard,2023-03-18,0,0
437,51.46091445095463,-0.1768280233635236,547.77,Vehicle,Standard,2023-11-30,0,0
438,51.57327900889356,-0.0181276949053412,2410.58,Vehicle,Comprehensive,2023-06-01,1,1
439,51.55593633407348,-0.2192586191508206,1817.8,Flood,Standard,2023-11-19,1,1
440,51.462202317096285,-0.030627026670033,2640.37,Theft,Standard,2023-08-27,1,1
441,51.462725657112784,0.0879648184429082,1419.04,Property,Standard,2023-04-25,0,0
442,51.59799593677518,-0.2624397136842326,863.76,Vehicle,Premium,2023-11-15,0,0
443,51.50614061936342,-0.0309591527099494,1301.1,Vehicle,Premium,2023-04-04,0,0
444,51.50559632206004,-0.1224999122781715,461.76,Vehicle,Standard,2023-02-17,0,0
445,51.57191993508863,0.0472569017510021,321.49,Property,Comprehensive,2023-07-10,0,0
446,51.59208728660758,-0.2291400842210456,685.39,Flood,Comprehensive,2023-01-12,0,0
447,51.59790015957344,-0.0229496191095341,3174.02,Vehicle,Comprehensive,2023-06-05,1,1
448,51.563006727788846,0.0352461158592441,746.36,Vehicle,Comprehensive,2023-06-21,0,0
449,51.50643893782964,0.0778456877896093,203.97,Property,Comprehensive,2023-10-23,0,0
450,51.4625251075048,-0.0267007886841416,1031.38,Vehicle,Standard,2023-06-26,0,0
451,51.56657203738912,-0.101130094396629,738.02,Vehicle,Standard,2023-12-07,0,0
452,51.533760637460375,-0.0528611039195144,2495.81,Property,Comprehensive,2023-02-26,1,1
453,51.513633301387046,0.0475619937914873,3026.27,Property,Premium,2023-12-09,1,1
454,51.58595315776421,-0.0717561013444681,831.49,Vehicle,Comprehensive,2023-12-06,0,0
455,51.46667962234593,-0.2878451761212652,1418.04,Vehicle,Premium,2023-07-22,0,0
456,51.52389376564363,0.0723794782027911,1505.74,Flood,Premium,2023-07-04,1,1
457,51.45170304671512,-0.0241892995873755,1123.25,Vehicle,Standard,2023-05-01,0,0
458,51.52029909629912,-0.0293946456891013,970.6,Vehicle,Comprehensive,2023-08-14,0,0
459,51.45844549135228,-0.2137299390409131,514.9,Vehicle,Comprehensive,2023-07-21,0,0
460,51.46782268744021,-0.036445811906937,167.2,Vehicle,Premium,2023-11-26,0,0
461,51.46762893701657,-0.1424542377383366,512.14,Vehicle,Premium,2023-12-29,0,0
462,51.54738154531741,-0.0395068091834031,1092.88,Theft,Comprehensive,2023-12-22,0,0
463,51.56190673188981,-0.2573627878768036,285.79,Vehicle,Standard,2023-08-04,0,0
464,51.53750531476457,-0.0368618781587855,1364.18,Vehicle,Comprehensive,2023-02-12,0,0
465,51.59432588227119,0.0997654903082666,1230.46,Property,Standard,2023-01-23,0,0
466,51.50623058692856,-0.2807151844557776,739.09,Property,Comprehensive,2023-06-04,0,0
467,51.49285681294228,0.0908696736885269,937.99,Theft,Premium,2023-07-05,0,0
468,51.58028986922842,-0.1372368157108517,342.24,Theft,Standard,2023-09-06,0,0
469,51.48353937577792,0.0483013801349037,2088.6,Vehicle,Comprehensive,2023-08-25,1,1
470,51.594483380916095,0.0129541936233094,2064.27,Theft,Comprehensive,2023-10-20,1,1
471,51.45182317120347,-0.0731934956053328,406.23,Property,Comprehensive,2023-05-14,0,0
472,51.59548182400615,-0.0046203162994693,417.85,Flood,Standard,2023-11-17,0,0
473,51.45647398679259,0.0514062245205391,518.43,Property,Comprehensive,2023-01-22,0,0
474,51.58367146705472,-0.1383438713395867,1739.36,Flood,Premium,2023-12-27,1,1
475,51.52915516636295,-0.1691867353747045,1502.32,Theft,Premium,2023-03-29,1,1
476,51.59894471941789,-0.032962645774566,2392.13,Vehicle,Standard,2023-06-02,1,1
477,51.46106948471032,0.0231383767765034,2574.94,Property,Premium,2023-05-05,1,1
478,51.5330781426602,0.0049140539106463,257.93,Flood,Comprehensive,2023-03-20,0,0
479,51.59539538034287,0.0191254595434538,1695.83,Theft,Standard,2023-12-12,1,1
480,51.528464676625525,-0.1257666740748267,2506.26,Vehicle,Standard,2023-02-20,1,1
481,51.54440979572029,0.0271336864700086,890.06,Property,Standard,2023-08-04,0,0
482,51.554362303347695,-0.2519163778517566,1145.51,Vehicle,Premium,2023-06-25,0,0
483,51.51818115971517,-0.0822043608156601,1016.09,Vehicle,Comprehensive,2023-12-24,0,0
484,51.54413371201261,-0.2976965358007513,1051.84,Vehicle,Comprehensive,2023-09-10,0,0
485,51.53764714678847,-0.1701656680398918,2083.7,Vehicle,Standard,2023-09-03,1,1
486,51.58517370157365,-0.1534153860514408,3569.55,Theft,Comprehensive,2023-08-15,1,1
487,51.45681695705122,-0.1415309233562978,2913.32,Vehicle,Standard,2023-04-16,1,1
488,51.49214447843884,-0.0218131173240551,768.6,Theft,Standard,2023-07-12,0,0
489,51.592561722611485,-0.1445767594918617,1421.35,Vehicle,Comprehensive,2023-11-12,0,0
490,51.58353956758364,-0.1205225509509877,592.05,Vehicle,Standard,2023-10-29,0,0
491,51.51834851291786,-0.204982347650269,647.28,Vehicle,Premium,2023-02-05,0,0
492,51.54301988967024,-0.1506992833482639,1107.0,Vehicle,Standard,2023-07-23,0,0
493,51.49160717744717,-0.2090921490947394,632.01,Vehicle,Comprehensive,2023-09-24,0,0
494,51.47821817395857,-0.2707216304926225,717.06,Vehicle,Comprehensive,2023-09-25,0,0
495,51.519554760741,-0.0586205626474488,1396.66,Property,Comprehensive,2023-06-19,0,0
496,51.50300283420391,-0.0327148805779934,1679.0,Vehicle,Standard,2023-02-08,1,1
497,51.53754841677763,-0.0522038615961541,1647.31,Vehicle,Standard,2023-05-19,1,1
498,51.46166019554475,-0.114602382479771,1658.99,Vehicle,Premium,2023-10-19,1,1
499,51.596159221149925,-0.148085687928308,367.54,Theft,Standard,2023-02-21,0,0
500,51.59793161167194,0.0453334598287301,603.9,Flood,Premium,2023-10-14,0,0
501,51.55472425710296,-0.0923672859455127,1201.29,Property,Premium,2023-10-16,0,0
502,51.53041445495162,-0.1083272489481075,2429.75,Vehicle,Standard,2023-05-21,1,1
503,51.49642914244295,-0.2897431736774257,4872.0,Vehicle,Standard,2023-05-26,1,1
504,51.57206925295604,-0.1635008689495374,1463.33,Flood,Comprehensive,2023-11-10,0,0
505,51.55270967588309,-0.1479217524856571,1947.77,Vehicle,Premium,2023-07-03,1,1
506,51.47439254090174,-0.1404708876412397,326.91,Vehicle,Premium,2023-06-01,0,0
507,51.58663907767408,-0.067931052309067,1911.57,Vehicle,Comprehensive,2023-07-20,1,1
508,51.57338058643848,-0.0865589813092486,4052.52,Vehicle,Comprehensive,2023-05-08,1,1
509,51.59246998699379,-0.0568379628826221,601.94,Vehicle,Standard,2023-10-14,0,0
510,51.558857926258256,0.0059533046168513,737.17,Theft,Premium,2023-11-07,0,0
511,51.54201227939037,0.0251942954864374,2128.64,Vehicle,Premium,2023-09-10,1,1
512,51.5127364554436,-0.0127507695094022,1189.76,Property,Standard,2023-09-23,0,0
513,51.58990927250311,0.0822094783819739,149.67,Vehicle,Standard,2023-07-07,0,0
514,51.57990958342506,-0.2927069669294553,775.37,Vehicle,Standard,2023-08-18,0,0
515,51.45678280051593,-0.2216888057265815,3017.97,Flood,Standard,2023-09-28,1,1
516,51.45395504617459,-0.2969748500087431,932.29,Vehicle,Premium,2023-09-16,0,0
517,51.50646950503171,-0.0410101143381587,931.67,Theft,Standard,2023-10-26,0,0
518,51.57158299961728,0.0592122195799947,2036.6,Property,Standard,2023-07-17,1,1
519,51.59809141939724,-0.2026070813694802,1501.74,Vehicle,Standard,2023-11-19,1,1
520,51.47256253366553,0.0708138179185227,892.15,Flood,Premium,2023-02-25,0,0
521,51.53911960730282,-0.2758930438841756,696.24,Vehicle,Comprehensive,2023-11-15,0,0
522,51.50713362849466,0.0737744107222057,6376.17,Theft,Comprehensive,2023-07-22,1,1
523,51.59548715967219,-0.1593509251041462,2691.69,Vehicle,Standard,2023-09-28,1,1
524,51.57631783847036,-0.2594316686203133,1658.55,Theft,Premium,2023-04-19,1,1
525,51.57574930570667,-0.1056512963254697,1734.4,Vehicle,Premium,2023-04-26,1,1
526,51.52030397396925,-0.1972893729117968,1056.93,Property,Standard,2023-04-02,0,0
527,51.51222292535065,-0.1860508392152308,1488.76,Theft,Standard,2023-05-18,0,0
528,51.49101106078961,-0.1770840140294853,971.08,Flood,Standard,2023-10-30,0,0
529,51.45845632449764,0.0212103591330654,554.0,Flood,Standard,2023-02-26,0,0
530,51.57970835643826,-0.0843354893298981,1531.26,Theft,Comprehensive,2023-02-19,1,1
531,51.57193515136952,-0.1754769203375985,905.65,Theft,Premium,2023-03-12,0,0
532,51.59995765099292,-0.0558664866756326,1588.97,Vehicle,Comprehensive,2023-03-23,1,1
533,51.59949552556109,-0.0135397303107225,1805.49,Vehicle,Premium,2023-04-15,1,1
534,51.5333147558404,-0.1909503997065864,1649.16,Vehicle,Comprehensive,2023-03-29,1,1
535,51.56534811227708,-0.1345803593898593,513.78,Vehicle,Comprehensive,2023-01-02,0,0
536,51.591714859482366,-0.2512455626652209,828.68,Vehicle,Comprehensive,2023-12-26,0,0
537,51.57744710860161,-0.2275402601861278,919.8,Property,Standard,2023-03-25,0,0
538,51.48710221526148,-0.0275528584140068,2289.35,Vehicle,Standard,2023-02-12,1,1
539,51.51758162029652,-0.2274246609217492,2209.06,Property,Comprehensive,2023-06-03,1,1
540,51.46937391227273,-0.0899346465331759,635.73,Vehicle,Standard,2023-11-23,0,0
541,51.59310765408881,-0.0163814953110268,358.89,Vehicle,Standard,2023-04-04,0,0
542,51.54092619516764,-0.2572492307621024,5020.76,Property,Comprehensive,2023-10-25,1,1
543,51.48429642082552,-0.0730751121484385,1603.3,Theft,Premium,2023-05-13,1,1
544,51.55075510266088,-0.1973748865194544,312.04,Property,Comprehensive,2023-03-06,0,0
545,51.542719236068685,0.0851707500950319,727.09,Property,Premium,2023-10-17,0,0
546,51.50372440770493,-0.10658174131203,2354.5,Vehicle,Comprehensive,2023-09-14,1,1
547,51.467033638829946,0.0223970199100632,4254.62,Property,Comprehensive,2023-08-01,1,1
548,51.55073597933893,-0.0799093831374952,3805.76,Vehicle,Comprehensive,2023-05-28,1,1
549,51.52804615513557,-0.2826349868580723,1555.37,Vehicle,Premium,2023-03-02,1,1
550,51.56584775876035,-0.046739449762391,1169.72,Vehicle,Comprehensive,2023-05-29,0,0
551,51.5280245251668,0.0805613368826628,469.34,Vehicle,Comprehensive,2023-03-29,0,0
552,51.57782722504778,-0.0593552719414675,1245.83,Vehicle,Comprehensive,2023-11-20,0,0
553,51.53278602581617,0.0276755437707161,530.18,Flood,Comprehensive,2023-10-05,0,0
554,51.53414069573031,0.0536825853393631,835.36,Flood,Standard,2023-03-23,0,0
555,51.58149804039876,-0.208768091220427,2127.1,Vehicle,Standard,2023-05-09,1,1
556,51.51052242993186,-0.2151820640367093,967.23,Vehicle,Standard,2023-10-13,0,0
557,51.4701022842676,-0.0556076044596032,916.26,Vehicle,Premium,2023-12-19,0,0
558,51.45431740144701,-0.1355886120773181,1121.88,Vehicle,Standard,2023-10-07,0,0
559,51.563270588351045,0.0359445211466881,5499.23,Flood,Standard,2023-09-27,1,1
560,51.54304643270302,0.0600092493592044,422.68,Vehicle,Comprehensive,2023-10-19,0,0
561,51.55561196521489,-0.1586314482789127,1439.1,Theft,Standard,2023-07-22,0,0
562,51.48194462422634,-0.2052517764102071,3586.79,Vehicle,Comprehensive,2023-01-24,1,1
563,51.47045572133802,0.0122102060975447,1119.32,Flood,Standard,2023-12-17,0,0
564,51.452181699850186,-0.1900775857807455,2658.52,Vehicle,Premium,2023-11-07,1,1
565,51.50258813382099,0.0290457274054714,334.46,Theft,Premium,2023-07-27,0,0
566,51.5384876530282,-0.1305046985404948,992.68,Vehicle,Premium,2023-10-07,0,0
567,51.50883660676496,-0.0329800402834117,582.74,Property,Comprehensive,2023-07-24,0,0
568,51.51562123830356,-0.2617858744661327,1110.2,Vehicle,Comprehensive,2023-06-01,0,0
569,51.58562380417406,-0.0504562701293707,1128.39,Vehicle,Standard,2023-01-26,0,0
570,51.5022383200535,-0.1192929285051083,1219.89,Flood,Standard,2023-07-13,0,0
571,51.52709842337397,-0.0653566147298103,2113.62,Flood,Standard,2023-12-02,1,1
572,51.56754795191117,-0.2327943169020546,86.35,Theft,Comprehensive,2023-08-26,0,0
573,51.50948141734819,-0.0052505020223271,699.8,Property,Comprehensive,2023-11-17,0,0
574,51.543313005034186,0.0451188310172914,1368.21,Theft,Comprehensive,2023-03-16,0,0
575,51.57935455631201,-0.2133040799636897,159.8,Vehicle,Standard,2023-06-12,0,0
576,51.59242809354865,-0.2617141777919353,1821.09,Vehicle,Comprehensive,2023-10-26,1,1
577,51.47206102213936,-0.2905445655814654,688.52,Vehicle,Comprehensive,2023-01-29,0,0
578,51.58898814377422,-0.0432113998226935,1007.73,Property,Comprehensive,2023-06-14,0,0
579,51.52381744396193,-0.0571623855644876,2179.61,Vehicle,Comprehensive,2023-12-03,1,1
580,51.48873665824485,-0.0813210349143719,2739.62,Vehicle,Standard,2023-07-05,1,1
581,51.51887036343574,-0.2072211615536098,1860.04,Property,Premium,2023-02-23,1,1
582,51.59700488629282,-0.1436376016377941,410.98,Theft,Comprehensive,2023-10-22,0,0
583,51.523892714098935,-0.0622094659255307,1795.77,Vehicle,Standard,2023-02-11,1,1
584,51.49931274154313,-0.1012932564563322,1880.86,Vehicle,Standard,2023-10-12,1,1
585,51.54501012814751,0.0951142080859549,1630.62,Vehicle,Comprehensive,2023-05-18,1,1
586,51.48602184281673,-0.2454240989773067,3038.78,Vehicle,Premium,2023-07-06,1,1
587,51.4613794992163,-0.0219421783809624,1244.07,Vehicle,Comprehensive,2023-07-23,0,0
588,51.4693319582866,-0.1382724927582831,2961.83,Property,Standard,2023-02-11,1,1
589,51.46920687584367,-0.128720154029754,2949.93,Property,Premium,2023-12-16,1,1
590,51.47278540402685,-0.0129608937367294,1917.84,Property,Comprehensive,2023-10-15,1,1
591,51.47082407589741,-0.0230255394702521,1455.73,Vehicle,Comprehensive,2023-01-26,0,0
592,51.546131211720486,0.0965023974808753,1637.3,Theft,Comprehensive,2023-02-25,1,1
593,51.47728201265988,-0.2486422842183498,3475.87,Vehicle,Standard,2023-09-10,1,1
594,51.50185009249858,-0.2583561402463334,2427.64,Property,Comprehensive,2023-05-02,1,1
595,51.584518261485904,-0.0102644731485035,460.23,Theft,Standard,2023-04-16,0,0
596,51.52109424603943,-0.0686452331974363,1564.48,Vehicle,Premium,2023-05-10,1,1
597,51.55013366077816,-0.1903357333760776,556.08,Vehicle,Comprehensive,2023-12-03,0,0
598,51.47584798068025,-0.2682322524044053,671.03,Theft,Comprehensive,2023-06-07,0,0
599,51.4788433528213,-0.2657367001614277,862.85,Vehicle,Comprehensive,2023-08-19,0,0
600,51.45613029243997,0.0576763498656473,301.67,Property,Premium,2023-11-04,0,0
601,51.47534025946083,-0.2232530701125028,523.58,Vehicle,Premium,2023-04-01,0,0
602,51.4917885508548,-0.1706513751537916,3148.65,Property,Comprehensive,2023-01-22,1,1
603,51.47655157264151,-0.2093374391092047,667.44,Vehicle,Comprehensive,2023-10-17,0,0
604,51.46330538006356,-0.158001477667225,2121.81,Vehicle,Comprehensive,2023-04-20,1,1
605,51.46809538066509,-0.2722304629015626,1328.95,Property,Comprehensive,2023-02-18,0,0
606,51.51911681520491,-0.0923760836366918,1741.46,Vehicle,Standard,2023-05-09,1,1
607,51.48095005776087,-0.272954974563114,1793.88,Vehicle,Comprehensive,2023-03-14,1,1
608,51.50464047915721,0.0201426031289446,502.37,Vehicle,Standard,2023-12-06,0,0
609,51.52551259062823,-0.2065151672358267,2113.27,Vehicle,Premium,2023-02-22,1,1
610,51.5535592242944,-0.0839952341581957,369.7,Vehicle,Standard,2023-12-22,0,0
611,51.45589682097616,0.0520316350245833,643.48,Vehicle,Premium,2023-06-17,0,0
612,51.56991155983636,-0.0396490523811223,1775.64,Flood,Comprehensive,2023-02-14,1,1
613,51.54418505842364,-0.0868168853794658,471.98,Vehicle,Comprehensive,2023-04-15,0,0
614,51.46226385479233,-0.1702664987538497,140.01,Property,Comprehensive,2023-05-30,0,0
615,51.581036793616015,-0.1667992347767208,1512.03,Vehicle,Standard,2023-05-26,1,1
616,51.58813086007977,-0.0322052179207239,246.96,Vehicle,Standard,2023-07-23,0,0
617,51.45916169397823,0.097655744488467,1894.32,Flood,Standard,2023-12-28,1,1
618,51.49153164722208,-0.0352643240602485,914.44,Vehicle,Comprehensive,2023-10-26,0,0
619,51.57093019196896,-0.07688663305199,1496.41,Flood,Comprehensive,2023-06-16,0,0
620,51.562238953557554,-0.0077397959043015,1476.33,Vehicle,Comprehensive,2023-07-20,0,0
621,51.47767815290346,-0.1139177550865127,1992.91,Property,Standard,2023-05-14,1,1
622,51.48140239850051,-0.2759430629596859,1812.29,Property,Standard,2023-07-30,1,1
623,51.50557081541871,-0.075081273648836,467.97,Theft,Comprehensive,2023-02-17,0,0
624,51.52267844777865,0.0830501138021521,959.7,Property,Premium,2023-05-06,0,0
625,51.54273821572955,-0.2298788230569361,1495.13,Property,Comprehensive,2023-08-27,0,0
626,51.50533704593547,-0.0239980436717336,2997.14,Vehicle,Comprehensive,2023-01-07,1,1
627,51.51938020741997,-0.2196265245363773,1823.96,Vehicle,Comprehensive,2023-09-29,1,1
628,51.56212064072007,-0.0856689262107674,2826.83,Flood,Standard,2023-02-06,1,1
629,51.4555024804336,-0.2613294201413121,1552.3,Vehicle,Premium,2023-07-30,1,1
630,51.48786554165161,-0.1198516254967259,2456.38,Vehicle,Comprehensive,2023-06-14,1,1
631,51.55700243788269,0.0024653315580984,1406.78,Theft,Standard,2023-05-05,0,0
632,51.58428102565309,-0.1609713903044071,2388.88,Vehicle,Comprehensive,2023-12-03,1,1
633,51.52675161631736,-0.0340353102051127,877.04,Flood,Standard,2023-07-11,0,0
634,51.5298170227898,0.0181799843158916,3226.59,Property,Premium,2023-08-06,1,1
635,51.46607580170097,0.0708711277917811,1679.2,Property,Standard,2023-08-02,1,1
636,51.51711185502352,-0.2061431672578185,303.98,Theft,Comprehensive,2023-03-03,0,0
637,51.529892589968256,-0.1402736336762767,1531.45,Vehicle,Standard,2023-11-24,1,1
638,51.48637057554521,-0.239033594667833,1828.14,Vehicle,Comprehensive,2023-06-10,1,1
639,51.49038648464241,0.0969934008633501,2163.43,Property,Comprehensive,2023-03-07,1,1
640,51.506592624465696,0.0708003871697181,3973.53,Vehicle,Comprehensive,2023-10-13,1,1
641,51.45301067966666,-0.0840171478877761,766.71,Property,Comprehensive,2023-08-27,0,0
642,51.49831187483748,0.0368133177505685,3990.8,Flood,Premium,2023-01-20,1,1
643,51.48171720104949,-0.0916168090911831,1170.01,Vehicle,Standard,2023-07-07,0,0
644,51.49912460282669,-0.050565724798896,616.1,Vehicle,Standard,2023-03-23,0,0
645,51.46796431977289,-0.2643502271535933,780.76,Flood,Standard,2023-12-29,0,0
646,51.58357909211099,0.0021081681987232,1752.85,Vehicle,Premium,2023-07-21,1,1
647,51.53903886803311,-0.248914606545906,538.52,Property,Standard,2023-05-12,0,0
648,51.55186534787168,0.0304270521010113,889.26,Vehicle,Comprehensive,2023-02-06,0,0
649,51.5683756857911,0.0128112350681544,1504.19,Flood,Comprehensive,2023-05-12,1,1
650,51.52476632983936,-0.0165021209028093,3210.14,Property,Standard,2023-03-18,1,1
651,51.46303804321312,-0.2855358477900951,2121.07,Theft,Standard,2023-03-30,1,1
652,51.53056598127279,-0.1787486576218685,1206.43,Theft,Standard,2023-09-10,0,0
653,51.53802616770314,-0.1947549720356628,1747.23,Vehicle,Comprehensive,2023-12-10,1,1
654,51.56181592112765,-0.1559454370113923,1398.62,Vehicle,Standard,2023-07-13,0,0
655,51.514748931934456,-0.2649429012944646,405.0,Theft,Standard,2023-06-25,0,0
656,51.46913704541934,0.0747831292124251,3580.79,Vehicle,Premium,2023-02-02,1,1
657,51.49256638586981,-0.0784791037150494,3243.72,Theft,Premium,2023-02-27,1,1
658,51.5044623444598,-0.1777902757367905,1101.11,Flood,Standard,2023-07-20,0,0
659,51.54688758619975,-0.1412073931702866,804.25,Property,Standard,2023-01-28,0,0
660,51.53561674570034,-0.1211189837980657,414.18,Property,Standard,2023-02-04,0,0
661,51.50341450888468,-0.059762266655753,1824.74,Theft,Comprehensive,2023-05-05,1,1
662,51.59797728731895,-0.0937282289214008,1833.05,Theft,Premium,2023-11-17,1,1
663,51.54086622290354,0.0677567892857669,580.31,Vehicle,Standard,2023-02-11,0,0
664,51.4855840187604,-0.1012146068376678,1410.73,Vehicle,Standard,2023-03-26,0,0
665,51.465267370893066,0.0968632059293251,2076.12,Vehicle,Comprehensive,2023-07-07,1,1
666,51.47292887087765,0.0405699830980383,759.44,Property,Comprehensive,2023-04-21,0,0
667,51.48689365925768,-0.2165957942570656,997.97,Property,Standard,2023-09-28,0,0
668,51.474102205988935,0.0722380858575665,990.35,Property,Comprehensive,2023-11-21,0,0
669,51.477985053607696,-0.2534534408458095,613.69,Vehicle,Standard,2023-04-15,0,0
670,51.49276427530408,0.0269798833964766,1014.1,Property,Standard,2023-11-16,0,0
671,51.47600603929422,-0.1477506826093679,252.19,Vehicle,Comprehensive,2023-02-10,0,0
672,51.58451481369397,0.0511897281780278,950.13,Property,Premium,2023-08-03,0,0
673,51.46203506184925,0.0472226760429801,961.75,Property,Comprehensive,2023-03-12,0,0
674,51.52867670843554,0.0223701600470485,1111.74,Vehicle,Premium,2023-02-25,0,0
675,51.51155952404845,0.0160121745228246,1655.78,Vehicle,Comprehensive,2023-08-24,1,1
676,51.597356792536296,-0.1781283443607836,382.15,Property,Comprehensive,2023-10-08,0,0
677,51.46680583532521,-0.2676322867794991,455.62,Property,Comprehensive,2023-04-15,0,0
678,51.50967833985686,-0.1388079284939354,600.0,Vehicle,Premium,2023-06-11,0,0
679,51.59542056499131,-0.2305901940053965,343.63,Flood,Premium,2023-07-10,0,0
680,51.579826068884095,-0.0220195644390153,1791.24,Property,Standard,2023-01-09,1,1
681,51.57256081064239,-0.1615601093848857,731.95,Flood,Premium,2023-03-01,0,0
682,51.48868542405674,0.0902440803439659,1138.49,Vehicle,Premium,2023-11-01,0,0
683,51.47563313810851,-0.0436111690618671,555.64,Property,Comprehensive,2023-08-13,0,0
684,51.55029648298866,0.0289922254537444,870.91,Theft,Standard,2023-11-03,0,0
685,51.58940639836914,-0.2469901309032606,1460.48,Property,Premium,2023-07-07,0,0
686,51.53351443395209,0.044805792909049,1512.19,Property,Premium,2023-03-11,1,1
687,51.53574190342049,0.0691028762053577,474.21,Vehicle,Standard,2023-10-20,0,0
688,51.49199686404904,-0.1051752324724256,1095.33,Vehicle,Premium,2023-10-14,0,0
689,51.56542393997879,-0.057498824899609,564.16,Vehicle,Standard,2023-06-18,0,0
690,51.47805656228363,0.0059239203611982,1064.3,Vehicle,Standard,2023-03-03,0,0
691,51.49855188546064,-0.2300645490958349,681.41,Vehicle,Comprehensive,2023-12-15,0,0
692,51.51381546579246,-0.098973569414623,3729.93,Vehicle,Comprehensive,2023-01-14,1,1
693,51.52614155680267,-0.1405347888910747,2067.91,Flood,Comprehensive,2023-06-13,1,1
694,51.486361459862266,-0.2414504031351003,1559.95,Vehicle,Standard,2023-09-02,1,1
695,51.46722552371088,-0.1529862310833874,932.35,Property,Premium,2023-12-01,0,0
696,51.54159300636625,-0.2727310762458025,2109.22,Theft,Standard,2023-01-08,1,1
697,51.49329458298604,-0.2896752372202052,1119.95,Property,Standard,2023-06-03,0,0
698,51.53718573321339,-0.2459334843380708,3483.63,Vehicle,Standard,2023-02-05,1,1
699,51.47315440729113,0.0852460446356696,2255.01,Property,Comprehensive,2023-02-17,1,1
700,51.52217101527823,-0.0801881856419932,865.81,Property,Premium,2023-03-26,0,0
701,51.52988841488274,0.086328864461288,3225.65,Property,Comprehensive,2023-01-28,1,1
702,51.45777353052337,-0.1270008486679472,936.16,Theft,Premium,2023-07-15,0,0
703,51.50049064172909,-0.1752735467658961,3872.08,Flood,Standard,2023-07-27,1,1
704,51.47016220154085,-0.0975432548639023,3339.24,Property,Comprehensive,2023-07-23,1,1
705,51.45950624557092,-0.1241953245468359,1454.73,Vehicle,Comprehensive,2023-11-03,0,0
706,51.59849403485849,-0.2577341262953024,262.74,Property,Comprehensive,2023-04-14,0,0
707,51.49835307674621,-0.0436694741239174,1373.74,Vehicle,Standard,2023-08-18,0,0
708,51.57148116687819,-0.2135847269961601,429.46,Theft,Comprehensive,2023-04-11,0,0
709,51.488196098214566,-0.0521648180408681,699.04,Vehicle,Comprehensive,2023-01-29,0,0
710,51.55222540833359,-0.0399195630407386,744.14,Vehicle,Comprehensive,2023-05-07,0,0
711,51.564034178983455,-0.2391900587485407,425.96,Theft,Comprehensive,2023-12-04,0,0
712,51.53934581109118,-0.2754601491557327,1377.53,Property,Standard,2023-01-10,0,0
713,51.520736428282525,0.0123046344273759,630.72,Vehicle,Comprehensive,2023-04-16,0,0
714,51.51177613712209,-0.1160798304922719,970.5,Property,Standard,2023-06-16,0,0
715,51.502330239981454,-0.2767344817978097,749.44,Theft,Premium,2023-09-14,0,0
716,51.58942937163717,0.0979465268679068,1660.85,Vehicle,Comprehensive,2023-10-22,1,1
717,51.57459291116816,-0.2768877756014533,1576.25,Theft,Standard,2023-10-04,1,1
718,51.59475403659998,-0.0219859084565787,910.02,Vehicle,Premium,2023-03-06,0,0
719,51.46864458352283,0.0934715701053655,1719.79,Theft,Comprehensive,2023-09-28,1,1
720,51.55963012128055,-0.2043279583136297,2666.99,Theft,Standard,2023-07-07,1,1
721,51.590751068523154,-0.2431002525251215,114.4,Vehicle,Comprehensive,2023-11-13,0,0
722,51.47718495992485,-0.2514460242310284,714.09,Vehicle,Standard,2023-05-18,0,0
723,51.45997444010502,-0.1786899409729617,508.5,Vehicle,Premium,2023-12-09,0,0
724,51.56116809739351,-0.2595816755957413,661.27,Property,Premium,2023-04-15,0,0
725,51.53617096697699,-0.0231354633223472,87.73,Property,Premium,2023-02-03,0,0
726,51.57627431651374,-0.2750832807479749,108.05,Property,Comprehensive,2023-04-20,0,0
727,51.47096585649395,-0.0962311487400841,770.83,Vehicle,Comprehensive,2023-02-02,0,0
728,51.569290096778985,0.0986787415411907,752.79,Vehicle,Comprehensive,2023-12-20,0,0
729,51.48024409800716,0.0255881078024075,2924.79,Vehicle,Standard,2023-08-19,1,1
730,51.474548391429856,-0.0539122247075956,1299.03,Vehicle,Comprehensive,2023-11-13,0,0
731,51.47463986968965,-0.1774985516853553,1688.9,Property,Comprehensive,2023-09-23,1,1
732,51.57218620803471,-0.0504416654833445,9527.16,Theft,Standard,2023-07-01,1,1
733,51.54977958310443,-0.0891834144353393,3522.36,Property,Comprehensive,2023-12-06,1,1
734,51.52845981371537,-0.1295666464438513,1126.02,Vehicle,Premium,2023-03-06,0,0
735,51.50382457261853,-0.2477158493039202,823.75,Flood,Premium,2023-11-29,0,0
736,51.58158008112197,0.0546416860961867,723.76,Property,Standard,2023-01-01,0,0
737,51.5088667661134,-0.1200861404714709,1490.5,Flood,Standard,2023-05-13,0,0
738,51.57248991592074,-0.2221509952716939,829.52,Property,Standard,2023-03-21,0,0
739,51.51587023628554,-0.1528962596490841,414.43,Vehicle,Premium,2023-09-28,0,0
740,51.50654166441374,-0.1343480989884291,746.67,Vehicle,Standard,2023-08-29,0,0
741,51.51940196785044,0.0310151582267497,1521.51,Property,Comprehensive,2023-01-28,1,1
742,51.49520668112462,-0.0065542477754391,1902.27,Vehicle,Standard,2023-08-11,1,1
743,51.56214140702644,0.0077219574565359,3761.5,Vehicle,Comprehensive,2023-01-23,1,1
744,51.52540805851388,-0.2955874942285411,1257.55,Property,Standard,2023-04-19,0,0
745,51.48483190427203,-0.1335384007280953,2773.28,Property,Comprehensive,2023-04-17,1,1
746,51.58493618599119,-0.1074623393458705,999.42,Property,Standard,2023-05-25,0,0
747,51.50758368320599,-0.2923230892707773,1109.62,Vehicle,Comprehensive,2023-12-20,0,0
748,51.5315329291671,-0.1960747165019863,1064.75,Vehicle,Standard,2023-05-19,0,0
749,51.58597081664468,0.004115929248854,1371.66,Property,Comprehensive,2023-10-11,0,0
750,51.5436356993871,-0.2451561177084003,2141.57,Flood,Premium,2023-10-25,1,1
751,51.46753470610626,-0.0858759474189633,801.52,Property,Standard,2023-04-09,0,0
752,51.59097481854202,-0.2139192511931049,533.45,Flood,Premium,2023-11-13,0,0
753,51.54415620796072,-0.2951516901424427,2260.42,Theft,Comprehensive,2023-05-03,1,1
754,51.50023584219856,-0.2035194169601833,2150.92,Property,Standard,2023-11-16,1,1
755,51.47089081089951,0.0903495019640215,3067.7,Vehicle,Comprehensive,2023-10-14,1,1
756,51.56910377839055,0.0206148447531958,701.55,Property,Standard,2023-03-22,0,0
757,51.54301091338928,0.0838306577284134,971.28,Property,Comprehensive,2023-01-10,0,0
758,51.53001916379645,-0.104858382429455,2318.88,Property,Comprehensive,2023-01-08,1,1
759,51.584083887457645,-0.2561055205289986,793.84,Property,Standard,2023-07-24,0,0
760,51.56828958168368,-0.0808162044105227,1846.46,Property,Comprehensive,2023-11-11,1,1
761,51.47275123195992,-0.1182490661760156,1002.84,Vehicle,Premium,2023-07-16,0,0
762,51.49675831016933,0.0377428330958464,1484.7,Property,Premium,2023-07-17,0,0
763,51.487273370972176,-0.2607669676863021,406.49,Vehicle,Comprehensive,2023-01-30,0,0
764,51.5615919438859,-0.1047035451912887,1245.38,Theft,Premium,2023-01-20,0,0
765,51.45502986521037,-0.2399805341224062,2631.11,Vehicle,Comprehensive,2023-02-17,1,1
766,51.5354834527307,-0.1701296292439759,2019.66,Vehicle,Standard,2023-05-10,1,1
767,51.564368802861104,-0.0050571690448801,502.08,Vehicle,Premium,2023-10-20,0,0
768,51.58151484551426,-0.1095927482524933,3565.33,Property,Comprehensive,2023-05-12,1,1
769,51.50131226230739,-0.1496446859416922,2523.25,Vehicle,Comprehensive,2023-12-22,1,1
770,51.573188595700806,-0.1422094885719858,425.3,Vehicle,Comprehensive,2023-02-23,0,0
771,51.46659476054328,-0.1162212926376053,750.95,Property,Premium,2023-10-08,0,0
772,51.57696784376018,0.0140066175348227,448.65,Vehicle,Premium,2023-09-22,0,0
773,51.4691232993498,0.0568338755760938,1515.1,Flood,Comprehensive,2023-08-03,1,1
774,51.50959309358406,0.0821338746015713,723.42,Flood,Standard,2023-10-17,0,0
775,51.56959430486693,0.014761354502118,151.38,Property,Comprehensive,2023-02-12,0,0
776,51.47248761410232,-0.1738372417007949,1105.74,Vehicle,Comprehensive,2023-03-15,0,0
777,51.484387709284896,-0.0247461175653831,2199.27,Property,Standard,2023-12-16,1,1
778,51.558337885258965,-0.1249587503778432,1264.87,Vehicle,Comprehensive,2023-10-05,0,0
779,51.55800548048191,-0.1981317511815795,1729.95,Property,Comprehensive,2023-11-22,1,1
780,51.5461721449328,0.036348631770369,1356.71,Vehicle,Standard,2023-08-30,0,0
781,51.55409226667007,-0.28462946041507,1961.7,Flood,Standard,2023-05-10,1,1
782,51.53140866650215,0.0607047968541694,1447.52,Vehicle,Standard,2023-12-16,0,0
783,51.487769858836046,-0.1154090141501063,1059.25,Property,Premium,2023-07-13,0,0
784,51.50185439902559,-0.0451194092766877,1253.1,Property,Standard,2023-02-01,0,0
785,51.477239657520215,-0.0362584311176868,3143.59,Property,Standard,2023-04-16,1,1
786,51.58626758420005,0.0580470962826145,1799.78,Vehicle,Comprehensive,2023-07-23,1,1
787,51.53750876921493,-0.045332127133117,500.53,Flood,Standard,2023-01-01,0,0
788,51.51012771251455,-0.0544265660959752,1238.1,Property,Standard,2023-09-02,0,0
789,51.51930087054662,-0.273339183775724,1495.47,Property,Standard,2023-03-13,0,0
790,51.592092500941774,-0.0926367912219183,1031.91,Vehicle,Comprehensive,2023-11-02,0,0
791,51.47300271046741,-0.2399323996731833,152.41,Property,Comprehensive,2023-01-15,0,0
792,51.53793447480252,-0.0050264925114057,549.08,Vehicle,Standard,2023-02-22,0,0
793,51.52588330183267,-0.0951112316749301,831.39,Vehicle,Comprehensive,2023-01-08,0,0
794,51.5417181353152,-0.0279088883166586,3839.1,Vehicle,Premium,2023-11-26,1,1
795,51.45271652757313,-0.2833308397590462,1663.32,Theft,Standard,2023-02-15,1,1
796,51.58081858634162,-0.2660831935816787,252.62,Vehicle,Standard,2023-11-21,0,0
797,51.58981774237255,-0.013470644774927,1084.08,Vehicle,Standard,2023-04-24,0,0
798,51.53476997753838,-0.2711662656005306,2821.72,Property,Comprehensive,2023-05-27,1,1
799,51.55449762358153,-0.2714973088938965,714.75,Theft,Comprehensive,2023-06-15,0,0
800,51.58837490717659,-0.295156609906045,2379.12,Vehicle,Standard,2023-05-19,1,1
801,51.55608579514701,0.0826005593197921,261.84,Property,Comprehensive,2023-04-27,0,0
802,51.47288085643714,-0.0049966562163972,22.64,Vehicle,Standard,2023-10-26,0,0
803,51.53644325402502,-0.1586994365991743,2622.21,Vehicle,Comprehensive,2023-10-03,1,1
804,51.54100725695743,-0.1813857674849379,796.17,Vehicle,Comprehensive,2023-10-04,0,0
805,51.51361960069536,-0.1601187081016601,849.61,Theft,Standard,2023-12-04,0,0
806,51.56046663534371,0.0098614124724727,1347.35,Vehicle,Comprehensive,2023-11-09,0,0
807,51.59015505221535,-0.0354517555718342,1621.53,Vehicle,Standard,2023-06-27,1,1
808,51.58883527693602,-0.2259217728530128,53.31,Vehicle,Comprehensive,2023-11-26,0,0
809,51.517625905710624,-0.2303562658663662,667.18,Theft,Standard,2023-12-20,0,0
810,51.46698570687612,-0.260641740114641,1220.79,Vehicle,Premium,2023-06-03,0,0
811,51.59772617984435,-0.0358789121194647,1618.89,Vehicle,Standard,2023-07-20,1,1
812,51.575834712966895,0.0057490648886944,495.0,Vehicle,Premium,2023-04-25,0,0
813,51.46869940218049,-0.1939814286699983,989.74,Vehicle,Standard,2023-06-08,0,0
814,51.58812628239261,-0.2916220155876348,712.84,Property,Comprehensive,2023-02-11,0,0
815,51.58048445430932,-0.267131333009429,1381.25,Property,Standard,2023-09-04,0,0
816,51.52782570856891,0.0871440139380122,2558.86,Vehicle,Premium,2023-03-09,1,1
817,51.53869131536174,-0.1818220890090318,888.41,Vehicle,Standard,2023-11-22,0,0
818,51.50985040558052,0.0076892591352534,314.28,Vehicle,Standard,2023-11-30,0,0
819,51.45821424582331,-0.0501345724582944,635.82,Vehicle,Comprehensive,2023-07-15,0,0
820,51.50027958624689,-0.1472241441388416,3541.73,Vehicle,Standard,2023-03-31,1,1
821,51.5704280172897,-0.2177250951217779,551.06,Theft,Standard,2023-04-21,0,0
822,51.450694803450695,-0.2514454327362374,382.6,Flood,Premium,2023-12-25,0,0
823,51.50002487575368,-0.0539948127844533,844.38,Flood,Premium,2023-05-25,0,0
824,51.509725304038646,0.0098535122551152,1084.29,Theft,Standard,2023-10-02,0,0
825,51.53060934044069,-0.0424382985835476,750.71,Property,Premium,2023-06-28,0,0
826,51.58797834246192,-0.0878791467003366,263.47,Property,Comprehensive,2023-08-29,0,0
827,51.501951899154896,-0.2832195106273454,1482.09,Vehicle,Standard,2023-11-22,0,0
828,51.50204298028444,0.0873955110377535,1382.31,Property,Comprehensive,2023-11-15,0,0
829,51.56062518721647,0.0194856766618298,1911.32,Property,Comprehensive,2023-11-27,1,1
830,51.51783269113347,-0.1828711853196141,1359.23,Property,Premium,2023-06-02,0,0
831,51.483690723441,0.0919881317435403,3349.99,Theft,Standard,2023-04-14,1,1
832,51.51786592741991,-0.0592473641454711,2016.73,Vehicle,Comprehensive,2023-03-16,1,1
833,51.47112855305697,-0.0670309367171013,1741.21,Vehicle,Standard,2023-05-08,1,1
834,51.47645804797594,-0.0007707282281871,2622.63,Flood,Standard,2023-07-18,1,1
835,51.524755165910925,0.024707915236055,1298.16,Vehicle,Standard,2023-06-03,0,0
836,51.51283881742568,-0.0374085570673989,1006.65,Property,Premium,2023-02-25,0,0
837,51.58722688516022,-0.2487617014535199,1469.83,Flood,Premium,2023-10-05,0,0
838,51.504359084867495,-0.1646929976022006,142.56,Property,Comprehensive,2023-12-11,0,0
839,51.53708825254171,0.0712334561304199,1301.3,Property,Comprehensive,2023-01-19,0,0
840,51.544839643187935,-0.2101537552624592,1083.37,Vehicle,Standard,2023-06-08,0,0
841,51.45196416848825,-0.1511331904649946,1588.43,Vehicle,Standard,2023-01-26,1,1
842,51.54953060580251,-0.1271692468223215,2383.98,Theft,Standard,2023-06-18,1,1
843,51.476705395030464,-0.1242380041222191,1777.46,Property,Standard,2023-01-23,1,1
844,51.59416054762042,-0.0548241670021897,637.35,Property,Comprehensive,2023-02-16,0,0
845,51.47229940916297,0.077230335097883,2123.2,Vehicle,Comprehensive,2023-01-13,1,1
846,51.51219361855905,-0.2037229152669979,3382.27,Vehicle,Standard,2023-08-05,1,1
847,51.4628024502118,-0.2513994494796328,2426.27,Flood,Standard,2023-11-18,1,1
848,51.59953113777689,-0.221011804056025,344.82,Vehicle,Standard,2023-07-13,0,0
849,51.525329251549685,0.0547699600837078,1764.15,Property,Comprehensive,2023-05-24,1,1
850,51.539307752598006,-0.0416756749379175,400.22,Vehicle,Premium,2023-03-14,0,0
851,51.46006147160827,-0.1856372843043359,929.05,Property,Comprehensive,2023-06-05,0,0
852,51.56249407055988,0.0263787755874469,1554.67,Flood,Premium,2023-03-18,1,1
853,51.48148583896434,0.0445479985453744,1409.0,Property,Comprehensive,2023-06-18,0,0
854,51.58470814341611,0.0386057354761112,2394.16,Vehicle,Standard,2023-10-14,1,1
855,51.48077094607231,0.0675706134558218,3393.17,Property,Standard,2023-03-26,1,1
856,51.47860315809955,-0.1991035919306553,1669.25,Theft,Premium,2023-07-01,1,1
857,51.455482450177215,0.0020167714985113,872.11,Vehicle,Comprehensive,2023-11-11,0,0
858,51.5208100417665,-0.1157842010903439,152.05,Theft,Standard,2023-10-24,0,0
859,51.5347261699894,0.0367994211560246,2809.54,Property,Comprehensive,2023-04-22,1,1
860,51.45985629591426,-0.0086037291353546,1087.87,Theft,Comprehensive,2023-08-18,0,0
861,51.56632914250425,0.0105789785998898,1133.04,Property,Comprehensive,2023-04-06,0,0
862,51.51799332521221,-0.0375352649275713,1204.41,Vehicle,Premium,2023-06-17,0,0
863,51.52865854039914,-0.2290284922121172,1614.54,Vehicle,Comprehensive,2023-06-05,1,1
864,51.516114412040736,-0.0819892324412246,1648.98,Vehicle,Comprehensive,2023-04-15,1,1
865,51.5101144591313,0.0938678958098033,941.13,Flood,Standard,2023-07-12,0,0
866,51.53394604969623,0.0749552265988476,1079.39,Theft,Standard,2023-11-26,0,0
867,51.47328603688961,-0.2827305056811953,702.29,Property,Standard,2023-05-12,0,0
868,51.477289219574295,-0.2340740737082251,636.91,Vehicle,Standard,2023-12-21,0,0
869,51.57926784315203,-0.2473084906181752,634.17,Vehicle,Comprehensive,2023-05-18,0,0
870,51.591917319320046,-0.0096080360058817,1069.49,Theft,Comprehensive,2023-11-27,0,0
871,51.50599639744197,0.027114131942778,529.49,Property,Standard,2023-09-27,0,0
872,51.490611700971535,-0.2145954534757312,18.1,Vehicle,Premium,2023-02-07,0,0
873,51.54659993148586,-0.0976589228192683,859.67,Property,Standard,2023-02-14,0,0
874,51.51131012566472,0.03628121120448,367.64,Vehicle,Standard,2023-06-12,0,0
875,51.453807953349056,-0.0068793820934997,1268.36,Vehicle,Standard,2023-11-27,0,0
876,51.47342288960493,-0.0831051178032606,699.92,Property,Standard,2023-09-10,0,0
877,51.55739583432711,-0.0638609238164908,1629.07,Vehicle,Standard,2023-06-18,1,1
878,51.548838591286525,-0.096655781233488,403.51,Flood,Comprehensive,2023-10-12,0,0
879,51.45406439887552,-0.1809806194724717,191.66,Vehicle,Comprehensive,2023-10-01,0,0
880,51.48329582428995,-0.0739912028563935,1081.51,Vehicle,Premium,2023-01-20,0,0
881,51.48466121948821,-0.0244458791799637,829.69,Vehicle,Standard,2023-08-27,0,0
882,51.55078391153981,0.0493291663443231,335.29,Theft,Standard,2023-09-27,0,0
883,51.45295658066316,-0.0454834584083007,2017.86,Vehicle,Standard,2023-11-06,1,1
884,51.46561628729769,0.0044486148172632,475.12,Property,Comprehensive,2023-01-31,0,0
885,51.56998741280598,-0.2359713460181707,610.24,Vehicle,Standard,2023-11-10,0,0
886,51.47678169930816,-0.115377010232084,2288.64,Vehicle,Premium,2023-04-14,1,1
887,51.54791191617778,-0.2962673520691626,1697.43,Vehicle,Comprehensive,2023-06-19,1,1
888,51.48572741715701,-0.2013284541913507,426.51,Theft,Comprehensive,2023-07-05,0,0
889,51.46491620891391,-0.009415313954798,892.54,Theft,Comprehensive,2023-05-08,0,0
890,51.48647582864992,0.0967239805397454,384.91,Vehicle,Standard,2023-07-29,0,0
891,51.55834003977835,-0.2603287601651136,2174.99,Property,Standard,2023-10-08,1,1
892,51.57835447021594,-0.1394022736554847,2173.98,Flood,Standard,2023-09-10,1,1
893,51.57453297968505,0.0200283874796638,3724.17,Vehicle,Comprehensive,2023-01-19,1,1
894,51.50957752944277,-0.2183857461484404,4681.84,Theft,Standard,2023-07-19,1,1
895,51.5502127704856,-0.0779660202790854,692.79,Vehicle,Standard,2023-08-08,0,0
896,51.48074764431237,-0.00677148158813,1936.54,Flood,Premium,2023-05-16,1,1
897,51.49397215953916,-0.0536058198959283,158.22,Theft,Standard,2023-08-11,0,0
898,51.58445037277817,-0.2247901061538335,1342.14,Flood,Premium,2023-01-03,0,0
899,51.45195028852661,-0.1578461725257042,1594.92,Property,Comprehensive,2023-08-24,1,1
900,51.462826279628175,0.0135167137941589,500.33,Vehicle,Standard,2023-12-08,0,0
901,51.48118293827191,-0.0783093943471933,655.58,Flood,Standard,2023-08-16,0,0
902,51.45397983058108,-0.2979081545828348,2184.18,Vehicle,Standard,2023-05-22,1,1
903,51.47721531526347,0.0043963040112375,1623.79,Vehicle,Comprehensive,2023-01-09,1,1
904,51.53745623414546,-0.2858754580239043,3414.98,Property,Comprehensive,2023-07-09,1,1
905,51.51321368258888,-0.0017064869075071,3155.58,Theft,Comprehensive,2023-12-16,1,1
906,51.58390075666155,-0.219007775933905,218.64,Flood,Premium,2023-06-14,0,0
907,51.57261653426077,0.0832293920477521,754.01,Vehicle,Comprehensive,2023-05-19,0,0
908,51.50127260275468,-0.1528236994791662,451.72,Theft,Standard,2023-10-03,0,0
909,51.48891351501469,-0.1692273534647683,1993.83,Property,Standard,2023-10-18,1,1
910,51.50695386122509,-0.2404447798670221,1442.34,Vehicle,Premium,2023-02-22,0,0
911,51.53854424137722,-0.177758313803914,482.28,Vehicle,Standard,2023-06-24,0,0
912,51.49020954612343,0.0506603047312802,556.51,Vehicle,Standard,2023-04-20,0,0
913,51.54362233617737,0.0985337350508989,2699.49,Vehicle,Comprehensive,2023-07-22,1,1
914,51.51141174782869,-0.1526761877972606,828.29,Flood,Comprehensive,2023-05-16,0,0
915,51.5328070771278,-0.1205557476181829,126.57,Property,Premium,2023-01-04,0,0
916,51.5154189793703,-0.0111716247189051,441.85,Property,Comprehensive,2023-06-04,0,0
917,51.49416986393129,0.0544783121860298,3886.74,Flood,Standard,2023-06-21,1,1
918,51.59226799604433,-0.0627822663252863,2334.44,Vehicle,Premium,2023-12-24,1,1
919,51.56454086912397,-0.1433897207288682,360.37,Theft,Standard,2023-02-16,0,0
920,51.47101697636497,-0.1349512636605505,1341.68,Vehicle,Standard,2023-04-04,0,0
921,51.58027019638469,-0.0217527414012772,2236.09,Theft,Comprehensive,2023-02-17,1,1
922,51.52311467973743,-0.2987126945582885,215.12,Vehicle,Standard,2023-08-28,0,0
923,51.58418283403412,-0.0521642650160636,2408.81,Flood,Comprehensive,2023-12-13,1,1
924,51.5699782883921,-0.157802795823457,1612.64,Vehicle,Standard,2023-08-01,1,1
925,51.51378202567039,0.0176789325108337,621.62,Vehicle,Comprehensive,2023-12-06,0,0
926,51.45337039624802,-0.2628037440707471,1801.14,Theft,Standard,2023-11-20,1,1
927,51.49030160390775,-0.0647190932206437,1457.39,Vehicle,Comprehensive,2023-05-19,0,0
928,51.53124513219913,-0.1076108440455504,1531.41,Property,Premium,2023-07-24,1,1
929,51.54502173297392,-0.043069789637909,1305.68,Vehicle,Standard,2023-03-14,0,0
930,51.488683152814986,-0.2740585622068126,537.85,Property,Standard,2023-01-04,0,0
931,51.470903411110925,-0.0680064850287474,634.14,Vehicle,Standard,2023-03-17,0,0
932,51.5752395355199,-0.0754061648161905,964.45,Vehicle,Standard,2023-11-25,0,0
933,51.59766032710554,-0.0757359622335316,1208.73,Vehicle,Comprehensive,2023-03-18,0,0
934,51.528853527345404,-0.058604933361418,1877.23,Property,Comprehensive,2023-10-31,1,1
935,51.47575189287725,-0.029412825109455,3947.12,Vehicle,Standard,2023-09-13,1,1
936,51.490846098977904,0.0219955998723079,1388.57,Vehicle,Standard,2023-04-12,0,0
937,51.45275860148213,-0.1920717119487142,1853.84,Vehicle,Standard,2023-04-16,1,1
938,51.58714482098408,0.0300197640720248,2158.21,Vehicle,Comprehensive,2023-11-29,1,1
939,51.467662662433526,-0.1006977270946185,1947.23,Property,Standard,2023-02-08,1,1
940,51.53647747132714,-0.2691766883462675,519.08,Theft,Premium,2023-11-10,0,0
941,51.49110828310308,-0.2765796283024083,2870.27,Vehicle,Comprehensive,2023-10-02,1,1
942,51.53312670037737,-0.1663046725215756,2575.87,Property,Standard,2023-03-29,1,1
943,51.54771305825278,0.013958790844587,1292.29,Property,Comprehensive,2023-07-30,0,0
944,51.574461270556085,-0.0169276261036336,548.36,Vehicle,Premium,2023-03-18,0,0
945,51.48096319076409,0.0154459858689626,1194.02,Property,Comprehensive,2023-03-18,0,0
946,51.451649374298775,-0.0930923774233562,248.02,Vehicle,Standard,2023-01-28,0,0
947,51.47053284451032,-0.1239204008178037,3120.94,Property,Standard,2023-09-02,1,1
948,51.585002796277216,-0.2410189893174864,686.36,Vehicle,Premium,2023-03-07,0,0
949,51.581083511634375,-0.1687228985562753,925.25,Property,Comprehensive,2023-09-23,0,0
950,51.53961196532555,-0.1263922535304498,2975.43,Property,Comprehensive,2023-07-24,1,1
951,51.54007752906505,-0.2645598281281531,2742.95,Vehicle,Premium,2023-02-27,1,1
952,51.54975550118194,-0.2117552189155154,1499.57,Vehicle,Premium,2023-07-20,0,0
953,51.47630569179352,-0.0607098823745044,3431.96,Flood,Premium,2023-08-13,1,1
954,51.58716179188875,-0.005734754304324,503.84,Vehicle,Standard,2023-05-22,0,0
955,51.51281557873381,0.0993390045571798,1500.14,Property,Comprehensive,2023-03-25,1,1
956,51.50747077923743,0.0732453325374231,507.76,Flood,Comprehensive,2023-05-23,0,0
957,51.527837655792425,-0.0429739201859233,2471.02,Property,Comprehensive,2023-12-18,1,1
958,51.45704489501626,-0.1315007786823711,2412.69,Property,Comprehensive,2023-02-02,1,1
959,51.474942505313415,-0.0455290541167068,3591.7,Theft,Standard,2023-06-01,1,1
960,51.56070504246396,0.0142606472320928,1166.38,Theft,Comprehensive,2023-06-07,0,0
961,51.46241980018877,-0.252665523630645,4249.49,Property,Comprehensive,2023-05-21,1,1
962,51.54047281641996,-0.1360380441214846,468.92,Property,Standard,2023-09-08,0,0
963,51.4868023664522,0.0359209142542469,1118.63,Vehicle,Comprehensive,2023-10-30,0,0
964,51.5083943421063,-0.1464668192267823,485.08,Flood,Standard,2023-04-22,0,0
965,51.493304060515605,-0.0712510915091253,1353.04,Property,Standard,2023-05-24,0,0
966,51.50335090746975,-0.0648922556551206,525.54,Vehicle,Standard,2023-07-28,0,0
967,51.55785688577764,-0.2262094987465442,2475.58,Theft,Comprehensive,2023-08-12,1,1
968,51.49456825734348,-0.1551058233390846,1650.91,Property,Comprehensive,2023-02-12,1,1
969,51.534960696044536,-0.1661954845032271,431.85,Vehicle,Comprehensive,2023-09-21,0,0
970,51.52140756032987,-0.289521316587174,2095.3,Property,Comprehensive,2023-09-01,1,1
971,51.5495506748044,-0.2903232944434579,3273.87,Vehicle,Premium,2023-01-03,1,1
972,51.59052446089871,0.0326788174703094,1766.15,Theft,Standard,2023-05-05,1,1
973,51.55988581458154,-0.190771676010875,316.49,Vehicle,Standard,2023-09-25,0,0
974,51.48224105678862,-0.0927684935044738,1037.16,Theft,Premium,2023-03-25,0,0
975,51.4546774702592,-0.1805097705644907,1928.14,Property,Standard,2023-01-16,1,1
976,51.489339606644975,0.0762716980461362,960.81,Vehicle,Premium,2023-11-30,0,0
977,51.53926168960504,-0.1962812964536904,463.23,Flood,Premium,2023-02-28,0,0
978,51.45771387202264,-0.1281372749044259,2668.59,Property,Comprehensive,2023-06-26,1,1
979,51.524454937080186,0.0490921001938407,928.08,Vehicle,Premium,2023-03-04,0,0
980,51.539526427337535,0.0367734267167235,3275.2,Property,Standard,2023-02-18,1,1
981,51.50013658362255,-0.225559432861489,757.42,Theft,Standard,2023-11-03,0,0
982,51.56563683056188,0.0210573239182841,884.91,Vehicle,Comprehensive,2023-09-03,0,0
983,51.46598973797007,-0.1167252453048429,708.11,Vehicle,Standard,2023-10-16,0,0
984,51.46127066726037,-0.1068124511658578,1023.3,Vehicle,Premium,2023-10-13,0,0
985,51.55922831343055,-0.2466080110336224,1631.62,Vehicle,Standard,2023-11-28,1,1
986,51.52432369743093,-0.2677593944971501,486.38,Theft,Comprehensive,2023-01-15,0,0
987,51.55326035946416,-0.0088242772104938,403.97,Property,Comprehensive,2023-12-04,0,0
988,51.51522410079056,-0.10141553905788,209.67,Vehicle,Comprehensive,2023-09-12,0,0
989,51.48696030498587,-0.1252597189539281,180.48,Vehicle,Standard,2023-04-02,0,0
990,51.57286534765113,-0.0081967085390413,320.43,Vehicle,Standard,2023-10-06,0,0
991,51.56991238184535,0.0062051595964439,753.04,Flood,Premium,2023-07-25,0,0
992,51.55420447062816,-0.2364367329322585,1334.78,Vehicle,Standard,2023-04-04,0,0
993,51.490821770584496,-0.0559099402089434,1567.29,Flood,Premium,2023-08-13,1,1
994,51.53853460003037,-0.2458583670889257,1289.16,Property,Comprehensive,2023-10-28,0,0
995,51.504146084541006,0.0005500344116183,3030.42,Vehicle,Comprehensive,2023-11-14,1,1
996,51.463737310999,-0.0372179374931441,3680.41,Theft,Comprehensive,2023-07-18,1,1
997,51.58759703631934,0.0826458484333832,931.63,Property,Standard,2023-09-28,0,0
998,51.47052279463784,-0.2724167934574315,494.07,Property,Comprehensive,2023-08-22,0,0
999,51.59253560307312,-0.2771781115394983,4420.77,Flood,Premium,2023-02-15,1,1
1000,51.5169008659437,-0.1871251701227199,2607.18,Vehicle,Comprehensive,2023-03-05,1,1
